group,mean_gain_percent,ci_low_percent,ci_high_percent,cases
Source seed 2904,10.52274902,3.929527864,18.16565293,80
Source seed 2905,13.20785606,7.620928165,18.89050592,80
Source seed 2906,11.25362479,5.231619368,17.96120071,80
Alibaba,1.992796338,-4.833435898,7.780467914,80
