retained_architectures,diagnostic_wmse
1,0.004917403557192302
2,0.004264557082206011
3,0.004107689532975201
4,0.00406312879131292
5,0.00406312879131292
6,0.00406312879131292
