Source seed,Ours WMSE,A57 WMSE,Gain (%),95% CI (%)
2904,0.005269,0.005648,10.52,"[3.81, 18.21]"
2905,0.005208,0.006016,13.21,"[7.80, 18.79]"
2906,0.005225,0.005715,11.25,"[5.26, 18.21]"
