Source centers,Ours WMSE,A57 WMSE,Gain (%),95% CI (%)
10,0.004845,0.005171,6.46,"[3.73, 9.20]"
20,0.004770,0.005010,4.92,"[2.20, 7.84]"
30,0.004787,0.004984,3.78,"[1.52, 6.46]"
40,0.004806,0.004934,3.41,"[0.81, 6.69]"
50,0.004768,0.004941,4.14,"[1.50, 7.77]"
