Method,MAE,WMSE,Worst-10%,CVaR90,FR (%),Online (s)
Ours,0.04866,0.004219,0.015755,0.011706,100.0,15.207
PT+FT,0.05382,0.005120,0.019078,0.013874,100.0,0.476
MeDeT-style,0.06409,0.007115,0.024170,0.022398,100.0,0.234
Meta+NAS-lite,0.06428,0.007105,0.026501,0.019089,100.0,16.297
Zero-NAS+FT,0.06654,0.007527,0.028539,0.018781,100.0,22.878
Scratch50,0.12562,0.026202,0.073298,0.086879,100.0,0.224
Zero-NAS,0.13500,0.030387,0.075192,0.110634,100.0,1.078
