Group,WMSEGainVsPT,N
loose,0.18223309884275413,8
medium,0.15296390901615872,52
tight,0.11348698504733667,20
