Group,WMSEGainVsPT,N
A,0.16804943388767646,24
B,0.13034619210929038,32
C,0.14489429998864548,24
