Group,WMSEGainVsPT,N
"H=1,K=10",0.18026925956953033,20
"H=1,K=20",0.16954876543397485,20
"H=4,K=10",0.11852471791097081,20
"H=4,K=20",0.11574364511197492,20
