complete,repeat,case_number,case_key,center_id,center_type,budget_tier,H,K,online_seconds,candidate_count,adapted_candidate_count,selected_arch_idx,target_seed,cuda_synchronized_before_and_after,selection_uses_check,selection_uses_test,test_evaluation_timed,performance_verification
True,1,1,c980_h1_k10_bloose,980,A,loose,1,10,33.76551050005946,12,12,30,992291,True,False,False,False,"{'selected_arch_idx': 30, 'selected_state_sha256': 'db4bfd3a4d8e44b6a067c38483a3383b350f2b56ee132c830e2300abc38fb44a', 'validation': {'weighted_mse': 0.0030615217983722687, 'mae': 0.04507574811577797, 'worst10': 0.01253217738121748}, 'check': {'weighted_mse': 0.0033360086381435394, 'mae': 0.04728008434176445, 'worst10': 0.013575254008173943}, 'test': {'weighted_mse': 0.002963755512610078, 'mae': 0.042932119220495224, 'worst10': 0.013358625583350658}, 'selected_arch_matches_frozen': True, 'candidate_order_matches_frozen': True, 'validation_matches_frozen': True, 'check_matches_frozen': True, 'test_matches_frozen': True, 'test_opened_after_timing_and_selection': True}"
True,1,2,c980_h1_k20_bloose,980,A,loose,1,20,23.962141399970278,12,12,23,992821,True,False,False,False,"{'selected_arch_idx': 23, 'selected_state_sha256': '634e4c787b420ed5a596296c79a6f79c8f45f0d719200eb786d2ddd1cb8db64e', 'validation': {'weighted_mse': 0.0038291628006845713, 'mae': 0.04990711063146591, 'worst10': 0.01572558470070362}, 'check': {'weighted_mse': 0.004340082406997681, 'mae': 0.05364573374390602, 'worst10': 0.01746532693505287}, 'test': {'weighted_mse': 0.0034944869112223387, 'mae': 0.047907426953315735, 'worst10': 0.014578094705939293}, 'selected_arch_matches_frozen': True, 'candidate_order_matches_frozen': True, 'validation_matches_frozen': True, 'check_matches_frozen': True, 'test_matches_frozen': True, 'test_opened_after_timing_and_selection': True}"
True,1,3,c980_h4_k10_bloose,980,A,loose,4,10,46.8952222999651,12,12,2,992402,True,False,False,False,"{'selected_arch_idx': 2, 'selected_state_sha256': 'e6f82b80de86579170123c65e83e6d4bd20f25db008c0f7808e906f6c1863801', 'validation': {'weighted_mse': 0.004976664669811726, 'mae': 0.058512717485427856, 'worst10': 0.016165805980563164}, 'check': {'weighted_mse': 0.005880947224795818, 'mae': 0.06391147524118423, 'worst10': 0.01824036054313183}, 'test': {'weighted_mse': 0.004766291473060846, 'mae': 0.05693446844816208, 'worst10': 0.016269374638795853}, 'selected_arch_matches_frozen': True, 'candidate_order_matches_frozen': True, 'validation_matches_frozen': True, 'check_matches_frozen': True, 'test_matches_frozen': True, 'test_opened_after_timing_and_selection': True}"
True,1,4,c980_h4_k20_bloose,980,A,loose,4,20,46.83148309995886,12,12,8,992932,True,False,False,False,"{'selected_arch_idx': 8, 'selected_state_sha256': '3ac06bde46298d0bf99a6874937122b8a566407b07695820f22c1f2b8c3959b7', 'validation': {'weighted_mse': 0.006747014820575714, 'mae': 0.06934544444084167, 'worst10': 0.01995495706796646}, 'check': {'weighted_mse': 0.00792058277875185, 'mae': 0.07586386054754257, 'worst10': 0.02241688407957554}, 'test': {'weighted_mse': 0.006510906852781773, 'mae': 0.06794825941324234, 'worst10': 0.020749656483530998}, 'selected_arch_matches_frozen': True, 'candidate_order_matches_frozen': True, 'validation_matches_frozen': True, 'check_matches_frozen': True, 'test_matches_frozen': True, 'test_opened_after_timing_and_selection': True}"
True,1,5,c981_h1_k10_btight,981,C,tight,1,10,32.84892240003683,12,12,25,993300,True,False,False,False,"{'selected_arch_idx': 25, 'selected_state_sha256': '66f4d64bdb53a2130caf6dbb1c7042d6f60211cead7f2de44955011376c5d56c', 'validation': {'weighted_mse': 0.03366848826408386, 'mae': 0.15390951931476593, 'worst10': 0.12537066638469696}, 'check': {'weighted_mse': 0.04317713528871536, 'mae': 0.18411913514137268, 'worst10': 0.12593531608581543}, 'test': {'weighted_mse': 0.039981693029403687, 'mae': 0.17479217052459717, 'worst10': 0.1256851851940155}, 'selected_arch_matches_frozen': True, 'candidate_order_matches_frozen': True, 'validation_matches_frozen': True, 'check_matches_frozen': True, 'test_matches_frozen': True, 'test_opened_after_timing_and_selection': True}"
True,1,6,c981_h1_k20_btight,981,C,tight,1,20,70.2025720999809,12,12,33,993830,True,False,False,False,"{'selected_arch_idx': 33, 'selected_state_sha256': 'fdec9358f9dd50ddb26e67269cece2742867ca96cf6cfa4d9a1467b367d739d1', 'validation': {'weighted_mse': 0.022030571475625038, 'mae': 0.12321698665618896, 'worst10': 0.0843513160943985}, 'check': {'weighted_mse': 0.031297266483306885, 'mae': 0.15521474182605743, 'worst10': 0.09483948349952698}, 'test': {'weighted_mse': 0.031317707151174545, 'mae': 0.15506963431835175, 'worst10': 0.09974449872970581}, 'selected_arch_matches_frozen': True, 'candidate_order_matches_frozen': True, 'validation_matches_frozen': True, 'check_matches_frozen': True, 'test_matches_frozen': True, 'test_opened_after_timing_and_selection': True}"
True,1,7,c981_h4_k10_btight,981,C,tight,4,10,46.31566169997677,12,12,46,993411,True,False,False,False,"{'selected_arch_idx': 46, 'selected_state_sha256': 'ac0e3243eb7b1d38514ffaa372fb3abf3a09af331965a0744883e2440a5e0fb8', 'validation': {'weighted_mse': 0.0404595285654068, 'mae': 0.17020998895168304, 'worst10': 0.11911284923553467}, 'check': {'weighted_mse': 0.04854460433125496, 'mae': 0.19307509064674377, 'worst10': 0.11403661966323853}, 'test': {'weighted_mse': 0.04761078581213951, 'mae': 0.1896210014820099, 'worst10': 0.1217796579003334}, 'selected_arch_matches_frozen': True, 'candidate_order_matches_frozen': True, 'validation_matches_frozen': True, 'check_matches_frozen': True, 'test_matches_frozen': True, 'test_opened_after_timing_and_selection': True}"
True,1,8,c981_h4_k20_btight,981,C,tight,4,20,57.803256900049746,12,12,46,993941,True,False,False,False,"{'selected_arch_idx': 46, 'selected_state_sha256': 'ac44bc33eb1d0ebb48256c402d2c6e13c5634dc107c86716038f6675e766d245', 'validation': {'weighted_mse': 0.02647838555276394, 'mae': 0.13195832073688507, 'worst10': 0.0908881351351738}, 'check': {'weighted_mse': 0.029587354511022568, 'mae': 0.14416037499904633, 'worst10': 0.08079326897859573}, 'test': {'weighted_mse': 0.029276050627231598, 'mae': 0.14239837229251862, 'worst10': 0.08647306263446808}, 'selected_arch_matches_frozen': True, 'candidate_order_matches_frozen': True, 'validation_matches_frozen': True, 'check_matches_frozen': True, 'test_matches_frozen': True, 'test_opened_after_timing_and_selection': True}"
True,1,9,c982_h1_k10_bmedium,982,B,medium,1,10,69.46337350003887,12,12,46,994309,True,False,False,False,"{'selected_arch_idx': 46, 'selected_state_sha256': '8fb4d4805ad7d3f0aaec502337be06ed0e013efddfc1efa41302fecaea9a4e87', 'validation': {'weighted_mse': 0.014746961183845997, 'mae': 0.09739760309457779, 'worst10': 0.05891917645931244}, 'check': {'weighted_mse': 0.014114808291196823, 'mae': 0.09749925136566162, 'worst10': 0.053237102925777435}, 'test': {'weighted_mse': 0.013757781125605106, 'mae': 0.09676659852266312, 'worst10': 0.05003468319773674}, 'selected_arch_matches_frozen': True, 'candidate_order_matches_frozen': True, 'validation_matches_frozen': True, 'check_matches_frozen': True, 'test_matches_frozen': True, 'test_opened_after_timing_and_selection': True}"
True,1,10,c982_h1_k20_bmedium,982,B,medium,1,20,68.68223759997636,12,12,58,994839,True,False,False,False,"{'selected_arch_idx': 58, 'selected_state_sha256': '717f0f88fcbb981488808cf7928abf06a9a9e27a230d8a99b958e998f604bbaa', 'validation': {'weighted_mse': 0.011045614257454872, 'mae': 0.08463511615991592, 'worst10': 0.04638265073299408}, 'check': {'weighted_mse': 0.010165000334382057, 'mae': 0.0822545513510704, 'worst10': 0.039516862481832504}, 'test': {'weighted_mse': 0.009586990810930729, 'mae': 0.08054046332836151, 'worst10': 0.03736167028546333}, 'selected_arch_matches_frozen': True, 'candidate_order_matches_frozen': True, 'validation_matches_frozen': True, 'check_matches_frozen': True, 'test_matches_frozen': True, 'test_opened_after_timing_and_selection': True}"
True,1,11,c982_h4_k10_bmedium,982,B,medium,4,10,32.3119092999259,12,12,48,994420,True,False,False,False,"{'selected_arch_idx': 48, 'selected_state_sha256': 'e5751b24f48ce2ab16656394b108f20f394a863732f4ae426a009fc7b6a3732a', 'validation': {'weighted_mse': 0.019356340169906616, 'mae': 0.11162810772657394, 'worst10': 0.06573484092950821}, 'check': {'weighted_mse': 0.01718325912952423, 'mae': 0.1062229573726654, 'worst10': 0.05422931909561157}, 'test': {'weighted_mse': 0.017619624733924866, 'mae': 0.10821826756000519, 'worst10': 0.05207572877407074}, 'selected_arch_matches_frozen': True, 'candidate_order_matches_frozen': True, 'validation_matches_frozen': True, 'check_matches_frozen': True, 'test_matches_frozen': True, 'test_opened_after_timing_and_selection': True}"
True,1,12,c982_h4_k20_bmedium,982,B,medium,4,20,63.55637959996238,12,12,49,994950,True,False,False,False,"{'selected_arch_idx': 49, 'selected_state_sha256': '61681f4c39e730069a96002d38e82778a9626671870538fcb91e91717ae75daa', 'validation': {'weighted_mse': 0.011780177243053913, 'mae': 0.08720829337835312, 'worst10': 0.043801791965961456}, 'check': {'weighted_mse': 0.010600974783301353, 'mae': 0.08316297829151154, 'worst10': 0.03667273744940758}, 'test': {'weighted_mse': 0.010546068660914898, 'mae': 0.083663709461689, 'worst10': 0.035660140216350555}, 'selected_arch_matches_frozen': True, 'candidate_order_matches_frozen': True, 'validation_matches_frozen': True, 'check_matches_frozen': True, 'test_matches_frozen': True, 'test_opened_after_timing_and_selection': True}"
True,1,13,c983_h1_k10_bmedium,983,B,medium,1,10,54.65550330001861,12,12,55,995318,True,False,False,False,"{'selected_arch_idx': 55, 'selected_state_sha256': '7c5cbec0df76f31d39c849007fa87de98eb6908d19dd74f6541c9a9b28b79603', 'validation': {'weighted_mse': 0.009030076675117016, 'mae': 0.07474987208843231, 'worst10': 0.04153335839509964}, 'check': {'weighted_mse': 0.014150015078485012, 'mae': 0.09391824901103973, 'worst10': 0.06517186760902405}, 'test': {'weighted_mse': 0.018342867493629456, 'mae': 0.10893654823303223, 'worst10': 0.07937777042388916}, 'selected_arch_matches_frozen': True, 'candidate_order_matches_frozen': True, 'validation_matches_frozen': True, 'check_matches_frozen': True, 'test_matches_frozen': True, 'test_opened_after_timing_and_selection': True}"
True,1,14,c983_h1_k20_bmedium,983,B,medium,1,20,57.43130439997185,12,12,6,995848,True,False,False,False,"{'selected_arch_idx': 6, 'selected_state_sha256': 'f317f1a3f07d7f2bbe98e8603072143ab9920d2ab208774ab9434a95203e1146', 'validation': {'weighted_mse': 0.007888471707701683, 'mae': 0.07175301015377045, 'worst10': 0.032095376402139664}, 'check': {'weighted_mse': 0.01488030981272459, 'mae': 0.10453511774539948, 'worst10': 0.044896140694618225}, 'test': {'weighted_mse': 0.017030242830514908, 'mae': 0.11420837044715881, 'worst10': 0.053630467504262924}, 'selected_arch_matches_frozen': True, 'candidate_order_matches_frozen': True, 'validation_matches_frozen': True, 'check_matches_frozen': True, 'test_matches_frozen': True, 'test_opened_after_timing_and_selection': True}"
True,1,15,c983_h4_k10_bmedium,983,B,medium,4,10,63.94860590004828,12,12,51,995429,True,False,False,False,"{'selected_arch_idx': 51, 'selected_state_sha256': '8dd61d4ba68c595537664c1b6ef22f0e0537f5a9bd529e6019f25e7f1814e04a', 'validation': {'weighted_mse': 0.01297341100871563, 'mae': 0.09055566042661667, 'worst10': 0.04551197960972786}, 'check': {'weighted_mse': 0.023202041164040565, 'mae': 0.12832961976528168, 'worst10': 0.07180683314800262}, 'test': {'weighted_mse': 0.026194186881184578, 'mae': 0.13796141743659973, 'worst10': 0.07687323540449142}, 'selected_arch_matches_frozen': True, 'candidate_order_matches_frozen': True, 'validation_matches_frozen': True, 'check_matches_frozen': True, 'test_matches_frozen': True, 'test_opened_after_timing_and_selection': True}"
True,1,16,c983_h4_k20_bmedium,983,B,medium,4,20,34.7759839000646,12,12,0,995959,True,False,False,False,"{'selected_arch_idx': 0, 'selected_state_sha256': '2655c3be07dc6b47f7305bdf6323a2bdf0b166149de73a878d7bf1fa0bf6f309', 'validation': {'weighted_mse': 0.009990389458835125, 'mae': 0.08118272572755814, 'worst10': 0.03732679784297943}, 'check': {'weighted_mse': 0.016275852918624878, 'mae': 0.10944095253944397, 'worst10': 0.0468309223651886}, 'test': {'weighted_mse': 0.018916161730885506, 'mae': 0.11978959292173386, 'worst10': 0.05606983229517937}, 'selected_arch_matches_frozen': True, 'candidate_order_matches_frozen': True, 'validation_matches_frozen': True, 'check_matches_frozen': True, 'test_matches_frozen': True, 'test_opened_after_timing_and_selection': True}"
True,1,17,c984_h1_k10_bmedium,984,A,medium,1,10,55.31508990004659,12,12,56,996327,True,False,False,False,"{'selected_arch_idx': 56, 'selected_state_sha256': 'ae0a0e3f91aa27bcd7a977f6828899fe25fc3a17fd25033b481b3eed077aa21d', 'validation': {'weighted_mse': 0.0030634368304163218, 'mae': 0.04427472501993179, 'worst10': 0.012982017360627651}, 'check': {'weighted_mse': 0.0027300468645989895, 'mae': 0.04136454313993454, 'worst10': 0.012368693016469479}, 'test': {'weighted_mse': 0.002473466796800494, 'mae': 0.03944574296474457, 'worst10': 0.010711373761296272}, 'selected_arch_matches_frozen': True, 'candidate_order_matches_frozen': True, 'validation_matches_frozen': True, 'check_matches_frozen': True, 'test_matches_frozen': True, 'test_opened_after_timing_and_selection': True}"
True,1,18,c984_h1_k20_bmedium,984,A,medium,1,20,41.31803490000311,12,12,56,996857,True,False,False,False,"{'selected_arch_idx': 56, 'selected_state_sha256': '9f4caac60f64bbd3cb9cdf0c9d85c712f8513d99000928978410105e047fab58', 'validation': {'weighted_mse': 0.0032033484894782305, 'mae': 0.04541687294840813, 'worst10': 0.013387160375714302}, 'check': {'weighted_mse': 0.0029340917244553566, 'mae': 0.04336415231227875, 'worst10': 0.012595399282872677}, 'test': {'weighted_mse': 0.002724803751334548, 'mae': 0.041940636932849884, 'worst10': 0.011667282320559025}, 'selected_arch_matches_frozen': True, 'candidate_order_matches_frozen': True, 'validation_matches_frozen': True, 'check_matches_frozen': True, 'test_matches_frozen': True, 'test_opened_after_timing_and_selection': True}"
True,1,19,c984_h4_k10_bmedium,984,A,medium,4,10,42.509424199932255,12,12,26,996438,True,False,False,False,"{'selected_arch_idx': 26, 'selected_state_sha256': '05067134d25e115c0f037ccd91c4b4a76eff82a81a642b220e4051070f1a1741', 'validation': {'weighted_mse': 0.008281148970127106, 'mae': 0.07180403172969818, 'worst10': 0.02358328551054001}, 'check': {'weighted_mse': 0.008304467424750328, 'mae': 0.07109673321247101, 'worst10': 0.02424057014286518}, 'test': {'weighted_mse': 0.0075516351498663425, 'mae': 0.06924885511398315, 'worst10': 0.02060895413160324}, 'selected_arch_matches_frozen': True, 'candidate_order_matches_frozen': True, 'validation_matches_frozen': True, 'check_matches_frozen': True, 'test_matches_frozen': True, 'test_opened_after_timing_and_selection': True}"
True,1,20,c984_h4_k20_bmedium,984,A,medium,4,20,27.80047050002031,12,12,0,996968,True,False,False,False,"{'selected_arch_idx': 0, 'selected_state_sha256': 'c92820f5f69d232ff2f4695519a897a104973f186a272de55952a7b6520fdf73', 'validation': {'weighted_mse': 0.004838316701352596, 'mae': 0.05629211291670799, 'worst10': 0.016683027148246765}, 'check': {'weighted_mse': 0.004853484220802784, 'mae': 0.0569835789501667, 'worst10': 0.015604224987328053}, 'test': {'weighted_mse': 0.005204250104725361, 'mae': 0.0598439946770668, 'worst10': 0.01721579022705555}, 'selected_arch_matches_frozen': True, 'candidate_order_matches_frozen': True, 'validation_matches_frozen': True, 'check_matches_frozen': True, 'test_matches_frozen': True, 'test_opened_after_timing_and_selection': True}"
True,1,21,c985_h1_k10_btight,985,B,tight,1,10,39.78240859997459,12,12,31,997336,True,False,False,False,"{'selected_arch_idx': 31, 'selected_state_sha256': 'd2c2b3749c3c05b94f664d5d4dabf5d7c0ce704d0aede6104b2b7d8e2b814371', 'validation': {'weighted_mse': 0.00782532524317503, 'mae': 0.0709044337272644, 'worst10': 0.034153591841459274}, 'check': {'weighted_mse': 0.010280938819050789, 'mae': 0.07814192771911621, 'worst10': 0.05274323374032974}, 'test': {'weighted_mse': 0.007291590794920921, 'mae': 0.0675150454044342, 'worst10': 0.03238128498196602}, 'selected_arch_matches_frozen': True, 'candidate_order_matches_frozen': True, 'validation_matches_frozen': True, 'check_matches_frozen': True, 'test_matches_frozen': True, 'test_opened_after_timing_and_selection': True}"
True,1,22,c985_h1_k20_btight,985,B,tight,1,20,34.462523599970154,12,12,33,997866,True,False,False,False,"{'selected_arch_idx': 33, 'selected_state_sha256': '732f3623c3e9e84d7161654665918e17a42cdf16cc279dbf7c03113c51ac8d1a', 'validation': {'weighted_mse': 0.0068566398695111275, 'mae': 0.06674749404191971, 'worst10': 0.02890903316438198}, 'check': {'weighted_mse': 0.009025806561112404, 'mae': 0.07526232302188873, 'worst10': 0.04127587750554085}, 'test': {'weighted_mse': 0.00950917974114418, 'mae': 0.08016535639762878, 'worst10': 0.038612332195043564}, 'selected_arch_matches_frozen': True, 'candidate_order_matches_frozen': True, 'validation_matches_frozen': True, 'check_matches_frozen': True, 'test_matches_frozen': True, 'test_opened_after_timing_and_selection': True}"
True,1,23,c985_h4_k10_btight,985,B,tight,4,10,40.22810159996152,12,12,57,997447,True,False,False,False,"{'selected_arch_idx': 57, 'selected_state_sha256': '6a44f0f21983285edfa9d6f63029c20b2b5f560524d5fc6d1a82a1d3917c8330', 'validation': {'weighted_mse': 0.012775999493896961, 'mae': 0.09146276861429214, 'worst10': 0.03729231655597687}, 'check': {'weighted_mse': 0.015397352166473866, 'mae': 0.10007806122303009, 'worst10': 0.0522306002676487}, 'test': {'weighted_mse': 0.016803445294499397, 'mae': 0.10626576840877533, 'worst10': 0.05108850076794624}, 'selected_arch_matches_frozen': True, 'candidate_order_matches_frozen': True, 'validation_matches_frozen': True, 'check_matches_frozen': True, 'test_matches_frozen': True, 'test_opened_after_timing_and_selection': True}"
True,1,24,c985_h4_k20_btight,985,B,tight,4,20,41.673580400063656,12,12,46,997977,True,False,False,False,"{'selected_arch_idx': 46, 'selected_state_sha256': '04c5fcd06d80e7b4c47c1f951ce276fc02205d63cc827a4e73847d7a2274398f', 'validation': {'weighted_mse': 0.011053439229726791, 'mae': 0.0856110081076622, 'worst10': 0.037202008068561554}, 'check': {'weighted_mse': 0.015254820697009563, 'mae': 0.09776001423597336, 'worst10': 0.0617542490363121}, 'test': {'weighted_mse': 0.015563329681754112, 'mae': 0.10335292667150497, 'worst10': 0.04856811836361885}, 'selected_arch_matches_frozen': True, 'candidate_order_matches_frozen': True, 'validation_matches_frozen': True, 'check_matches_frozen': True, 'test_matches_frozen': True, 'test_opened_after_timing_and_selection': True}"
True,1,25,c986_h1_k10_bmedium,986,A,medium,1,10,36.332996999961324,12,12,63,998345,True,False,False,False,"{'selected_arch_idx': 63, 'selected_state_sha256': '8462d41591473438432c7196f076e5ec4b16bcb30d31a8e9552b316eaa8dd0f1', 'validation': {'weighted_mse': 0.004424020182341337, 'mae': 0.054264381527900696, 'worst10': 0.01697915978729725}, 'check': {'weighted_mse': 0.005257606040686369, 'mae': 0.059950556606054306, 'worst10': 0.02009827271103859}, 'test': {'weighted_mse': 0.0041354564018547535, 'mae': 0.05115266889333725, 'worst10': 0.01788090355694294}, 'selected_arch_matches_frozen': True, 'candidate_order_matches_frozen': True, 'validation_matches_frozen': True, 'check_matches_frozen': True, 'test_matches_frozen': True, 'test_opened_after_timing_and_selection': True}"
True,1,26,c986_h1_k20_bmedium,986,A,medium,1,20,75.63693169993348,12,12,63,998875,True,False,False,False,"{'selected_arch_idx': 63, 'selected_state_sha256': '6b5edd705b63733d75a7dd23119341324e2d0356a9bf2d86463385384503dcbe', 'validation': {'weighted_mse': 0.0033273512963205576, 'mae': 0.0475650280714035, 'worst10': 0.012855974026024342}, 'check': {'weighted_mse': 0.004022351466119289, 'mae': 0.05198037624359131, 'worst10': 0.01547032967209816}, 'test': {'weighted_mse': 0.0031141971703618765, 'mae': 0.044815048575401306, 'worst10': 0.013665838167071342}, 'selected_arch_matches_frozen': True, 'candidate_order_matches_frozen': True, 'validation_matches_frozen': True, 'check_matches_frozen': True, 'test_matches_frozen': True, 'test_opened_after_timing_and_selection': True}"
True,1,27,c986_h4_k10_bmedium,986,A,medium,4,10,32.56115399999544,12,12,0,998456,True,False,False,False,"{'selected_arch_idx': 0, 'selected_state_sha256': '2db4cedb5f391795b778bb357fea184ce7627348a16223adecb4411ad311f890', 'validation': {'weighted_mse': 0.005357407499104738, 'mae': 0.059548914432525635, 'worst10': 0.019415656104683876}, 'check': {'weighted_mse': 0.006117695476859808, 'mae': 0.06408048421144485, 'worst10': 0.021915985271334648}, 'test': {'weighted_mse': 0.004769600927829742, 'mae': 0.0554625429213047, 'worst10': 0.018857980147004128}, 'selected_arch_matches_frozen': True, 'candidate_order_matches_frozen': True, 'validation_matches_frozen': True, 'check_matches_frozen': True, 'test_matches_frozen': True, 'test_opened_after_timing_and_selection': True}"
True,1,28,c986_h4_k20_bmedium,986,A,medium,4,20,39.50098330003675,12,12,0,998986,True,False,False,False,"{'selected_arch_idx': 0, 'selected_state_sha256': 'c105a90a70b2d4ecae17fd091eb3ec390ec54cfcf2b902c5b06968f9d72d4200', 'validation': {'weighted_mse': 0.0038862053770571947, 'mae': 0.05104820057749748, 'worst10': 0.013578571379184723}, 'check': {'weighted_mse': 0.004515185486525297, 'mae': 0.05486811324954033, 'worst10': 0.015258925035595894}, 'test': {'weighted_mse': 0.003529471578076482, 'mae': 0.04831114411354065, 'worst10': 0.012789973989129066}, 'selected_arch_matches_frozen': True, 'candidate_order_matches_frozen': True, 'validation_matches_frozen': True, 'check_matches_frozen': True, 'test_matches_frozen': True, 'test_opened_after_timing_and_selection': True}"
True,1,29,c987_h1_k10_bmedium,987,C,medium,1,10,31.23577969998587,12,12,6,999354,True,False,False,False,"{'selected_arch_idx': 6, 'selected_state_sha256': '904483eb66a2f6f13ae187643681cca7ef703e5995fea27ff86e31382d53460b', 'validation': {'weighted_mse': 0.010445901192724705, 'mae': 0.08423782885074615, 'worst10': 0.03984137624502182}, 'check': {'weighted_mse': 0.010519267991185188, 'mae': 0.08429381251335144, 'worst10': 0.040576446801424026}, 'test': {'weighted_mse': 0.01145543809980154, 'mae': 0.0884687528014183, 'worst10': 0.042260099202394485}, 'selected_arch_matches_frozen': True, 'candidate_order_matches_frozen': True, 'validation_matches_frozen': True, 'check_matches_frozen': True, 'test_matches_frozen': True, 'test_opened_after_timing_and_selection': True}"
True,1,30,c987_h1_k20_bmedium,987,C,medium,1,20,63.01765010005329,12,12,7,999884,True,False,False,False,"{'selected_arch_idx': 7, 'selected_state_sha256': '61d2e2c54fcc1db239d51447580963e5bae74cf0fa84992010d139e800c5e661', 'validation': {'weighted_mse': 0.010899999178946018, 'mae': 0.0871112048625946, 'worst10': 0.040226131677627563}, 'check': {'weighted_mse': 0.010826020501554012, 'mae': 0.08603918552398682, 'worst10': 0.041695717722177505}, 'test': {'weighted_mse': 0.011884575709700584, 'mae': 0.0902152806520462, 'worst10': 0.04399477317929268}, 'selected_arch_matches_frozen': True, 'candidate_order_matches_frozen': True, 'validation_matches_frozen': True, 'check_matches_frozen': True, 'test_matches_frozen': True, 'test_opened_after_timing_and_selection': True}"
True,1,31,c987_h4_k10_bmedium,987,C,medium,4,10,63.99582980002742,12,12,50,999465,True,False,False,False,"{'selected_arch_idx': 50, 'selected_state_sha256': '9d5bb80db7aac9a195d997b226b49a493f32467ee4f2c8f958da3a0ca31b8bf3', 'validation': {'weighted_mse': 0.016224060207605362, 'mae': 0.10380306094884872, 'worst10': 0.04618345946073532}, 'check': {'weighted_mse': 0.016067298129200935, 'mae': 0.10329640656709671, 'worst10': 0.04847025126218796}, 'test': {'weighted_mse': 0.016155481338500977, 'mae': 0.10287410765886307, 'worst10': 0.04548868536949158}, 'selected_arch_matches_frozen': True, 'candidate_order_matches_frozen': True, 'validation_matches_frozen': True, 'check_matches_frozen': True, 'test_matches_frozen': True, 'test_opened_after_timing_and_selection': True}"
True,1,32,c987_h4_k20_bmedium,987,C,medium,4,20,68.89620920002926,12,12,51,999995,True,False,False,False,"{'selected_arch_idx': 51, 'selected_state_sha256': '81066cf2afd26169f6aae146e4d69ff6e134746f04bb25948fb24b6d26cb9bc6', 'validation': {'weighted_mse': 0.02033994160592556, 'mae': 0.11541855335235596, 'worst10': 0.05764070153236389}, 'check': {'weighted_mse': 0.021222509443759918, 'mae': 0.11805062741041183, 'worst10': 0.0619211308658123}, 'test': {'weighted_mse': 0.020703444257378578, 'mae': 0.11579000949859619, 'worst10': 0.06179293990135193}, 'selected_arch_matches_frozen': True, 'candidate_order_matches_frozen': True, 'validation_matches_frozen': True, 'check_matches_frozen': True, 'test_matches_frozen': True, 'test_opened_after_timing_and_selection': True}"
True,1,33,c988_h1_k10_bloose,988,C,loose,1,10,52.98282880010083,12,12,64,1000363,True,False,False,False,"{'selected_arch_idx': 64, 'selected_state_sha256': '5cffdd7608dbc9dc35da853a1083418b0525579627d70badf76a0877ac735eed', 'validation': {'weighted_mse': 0.010937380604445934, 'mae': 0.08483991026878357, 'worst10': 0.04377659782767296}, 'check': {'weighted_mse': 0.01637667417526245, 'mae': 0.10834882408380508, 'worst10': 0.05377289280295372}, 'test': {'weighted_mse': 0.01607622765004635, 'mae': 0.10736119002103806, 'worst10': 0.05535319074988365}, 'selected_arch_matches_frozen': True, 'candidate_order_matches_frozen': True, 'validation_matches_frozen': True, 'check_matches_frozen': True, 'test_matches_frozen': True, 'test_opened_after_timing_and_selection': True}"
True,1,34,c988_h1_k20_bloose,988,C,loose,1,20,27.902240400086157,12,12,61,1000893,True,False,False,False,"{'selected_arch_idx': 61, 'selected_state_sha256': 'eab911375c646abec47639e785e26a1f83a65dd784f88f000429279e130c9734', 'validation': {'weighted_mse': 0.010687724687159061, 'mae': 0.08510240167379379, 'worst10': 0.041316818445920944}, 'check': {'weighted_mse': 0.011510046198964119, 'mae': 0.089784175157547, 'worst10': 0.04045218974351883}, 'test': {'weighted_mse': 0.011343784630298615, 'mae': 0.08773942291736603, 'worst10': 0.04398147761821747}, 'selected_arch_matches_frozen': True, 'candidate_order_matches_frozen': True, 'validation_matches_frozen': True, 'check_matches_frozen': True, 'test_matches_frozen': True, 'test_opened_after_timing_and_selection': True}"
True,1,35,c988_h4_k10_bloose,988,C,loose,4,10,27.009126899996772,12,12,50,1000474,True,False,False,False,"{'selected_arch_idx': 50, 'selected_state_sha256': 'b7b0b2ce1036b1e194cb7ced9a17f0ca5661ab26b25c49c6f60e1d4c479ffe94', 'validation': {'weighted_mse': 0.018243491649627686, 'mae': 0.10733170062303543, 'worst10': 0.06813028454780579}, 'check': {'weighted_mse': 0.025566978380084038, 'mae': 0.13380558788776398, 'worst10': 0.07823720574378967}, 'test': {'weighted_mse': 0.02726578153669834, 'mae': 0.14111971855163574, 'worst10': 0.0787537470459938}, 'selected_arch_matches_frozen': True, 'candidate_order_matches_frozen': True, 'validation_matches_frozen': True, 'check_matches_frozen': True, 'test_matches_frozen': True, 'test_opened_after_timing_and_selection': True}"
True,1,36,c988_h4_k20_bloose,988,C,loose,4,20,34.25376669992693,12,12,49,1001004,True,False,False,False,"{'selected_arch_idx': 49, 'selected_state_sha256': '2580b6dca23e59110b4b4cbcd8010b55623f970c59b34b329faece09fc4b2496', 'validation': {'weighted_mse': 0.018732285127043724, 'mae': 0.10998373478651047, 'worst10': 0.06302514672279358}, 'check': {'weighted_mse': 0.021576764062047005, 'mae': 0.11781413108110428, 'worst10': 0.07333436608314514}, 'test': {'weighted_mse': 0.02152160182595253, 'mae': 0.11812952905893326, 'worst10': 0.07243135571479797}, 'selected_arch_matches_frozen': True, 'candidate_order_matches_frozen': True, 'validation_matches_frozen': True, 'check_matches_frozen': True, 'test_matches_frozen': True, 'test_opened_after_timing_and_selection': True}"
True,1,37,c989_h1_k10_bmedium,989,B,medium,1,10,17.483792899991386,12,12,12,1001372,True,False,False,False,"{'selected_arch_idx': 12, 'selected_state_sha256': '144ec13c36b71b0263be9171399b5b370588982089740c8d368a530d84806667', 'validation': {'weighted_mse': 0.009137979708611965, 'mae': 0.07978451251983643, 'worst10': 0.03262842446565628}, 'check': {'weighted_mse': 0.008894956670701504, 'mae': 0.0787721648812294, 'worst10': 0.030369196087121964}, 'test': {'weighted_mse': 0.010274212807416916, 'mae': 0.08339985460042953, 'worst10': 0.04007332772016525}, 'selected_arch_matches_frozen': True, 'candidate_order_matches_frozen': True, 'validation_matches_frozen': True, 'check_matches_frozen': True, 'test_matches_frozen': True, 'test_opened_after_timing_and_selection': True}"
True,1,38,c989_h1_k20_bmedium,989,B,medium,1,20,16.620191500056535,12,12,56,1001902,True,False,False,False,"{'selected_arch_idx': 56, 'selected_state_sha256': 'd0465663873539c8dce895e201ac28495692b0d2e9bb9bac26735e479b9a9344', 'validation': {'weighted_mse': 0.00709114782512188, 'mae': 0.06862805783748627, 'worst10': 0.027851251885294914}, 'check': {'weighted_mse': 0.007505776826292276, 'mae': 0.07030671834945679, 'worst10': 0.030209340155124664}, 'test': {'weighted_mse': 0.007727331947535276, 'mae': 0.07288749516010284, 'worst10': 0.030340097844600677}, 'selected_arch_matches_frozen': True, 'candidate_order_matches_frozen': True, 'validation_matches_frozen': True, 'check_matches_frozen': True, 'test_matches_frozen': True, 'test_opened_after_timing_and_selection': True}"
True,1,39,c989_h4_k10_bmedium,989,B,medium,4,10,14.18051600002218,12,12,50,1001483,True,False,False,False,"{'selected_arch_idx': 50, 'selected_state_sha256': '8add5d2544af5fe658ac15520abc2ad542c304c98c317c4db97bb250d428fe2d', 'validation': {'weighted_mse': 0.013228941708803177, 'mae': 0.092693991959095, 'worst10': 0.04716155305504799}, 'check': {'weighted_mse': 0.013467838056385517, 'mae': 0.0921640545129776, 'worst10': 0.051680680364370346}, 'test': {'weighted_mse': 0.0155916977673769, 'mae': 0.09865603595972061, 'worst10': 0.06278223544359207}, 'selected_arch_matches_frozen': True, 'candidate_order_matches_frozen': True, 'validation_matches_frozen': True, 'check_matches_frozen': True, 'test_matches_frozen': True, 'test_opened_after_timing_and_selection': True}"
True,1,40,c989_h4_k20_bmedium,989,B,medium,4,20,20.64930789999198,12,12,28,1002013,True,False,False,False,"{'selected_arch_idx': 28, 'selected_state_sha256': '986de215378a3b9330d3eb56effd6ca20fd8d0e780cdd2df6c4a1a2b8e9d2077', 'validation': {'weighted_mse': 0.015419000759720802, 'mae': 0.09840565919876099, 'worst10': 0.05307032912969589}, 'check': {'weighted_mse': 0.016143569722771645, 'mae': 0.10092812031507492, 'worst10': 0.06006903946399689}, 'test': {'weighted_mse': 0.01701366901397705, 'mae': 0.10385473817586899, 'worst10': 0.06131187826395035}, 'selected_arch_matches_frozen': True, 'candidate_order_matches_frozen': True, 'validation_matches_frozen': True, 'check_matches_frozen': True, 'test_matches_frozen': True, 'test_opened_after_timing_and_selection': True}"
True,1,41,c990_h1_k10_bmedium,990,A,medium,1,10,17.417441400000826,12,12,6,1002381,True,False,False,False,"{'selected_arch_idx': 6, 'selected_state_sha256': '97ef56ff01e759a1423b499209fe8af3c64f3c7575b2d90b10cac71507935a5e', 'validation': {'weighted_mse': 0.0026136261876672506, 'mae': 0.041899267584085464, 'worst10': 0.010251599363982677}, 'check': {'weighted_mse': 0.0037734205834567547, 'mae': 0.04739755764603615, 'worst10': 0.018054772168397903}, 'test': {'weighted_mse': 0.003174028592184186, 'mae': 0.04637351632118225, 'worst10': 0.011768803931772709}, 'selected_arch_matches_frozen': True, 'candidate_order_matches_frozen': True, 'validation_matches_frozen': True, 'check_matches_frozen': True, 'test_matches_frozen': True, 'test_opened_after_timing_and_selection': True}"
True,1,42,c990_h1_k20_bmedium,990,A,medium,1,20,26.345999100012705,12,12,7,1002911,True,False,False,False,"{'selected_arch_idx': 7, 'selected_state_sha256': 'ac500efef60772f52035f78e2dfb213dd71e46262f443adb6558acf6b8d04c54', 'validation': {'weighted_mse': 0.003222923493012786, 'mae': 0.04661349207162857, 'worst10': 0.012199838645756245}, 'check': {'weighted_mse': 0.0044938805513083935, 'mae': 0.05195195972919464, 'worst10': 0.020974665880203247}, 'test': {'weighted_mse': 0.003783778753131628, 'mae': 0.05061072111129761, 'worst10': 0.013796085491776466}, 'selected_arch_matches_frozen': True, 'candidate_order_matches_frozen': True, 'validation_matches_frozen': True, 'check_matches_frozen': True, 'test_matches_frozen': True, 'test_opened_after_timing_and_selection': True}"
True,1,43,c990_h4_k10_bmedium,990,A,medium,4,10,12.805961199919693,12,12,46,1002492,True,False,False,False,"{'selected_arch_idx': 46, 'selected_state_sha256': 'd29bd9e26938f803a4c8c34a0c3a13bff571c4360fe0717060b41b4f3a76a16b', 'validation': {'weighted_mse': 0.004690469708293676, 'mae': 0.05524938926100731, 'worst10': 0.015346255153417587}, 'check': {'weighted_mse': 0.005775380413979292, 'mae': 0.059867922216653824, 'worst10': 0.021411066874861717}, 'test': {'weighted_mse': 0.004841405898332596, 'mae': 0.056367598474025726, 'worst10': 0.015579309314489365}, 'selected_arch_matches_frozen': True, 'candidate_order_matches_frozen': True, 'validation_matches_frozen': True, 'check_matches_frozen': True, 'test_matches_frozen': True, 'test_opened_after_timing_and_selection': True}"
True,1,44,c990_h4_k20_bmedium,990,A,medium,4,20,20.313748799962923,12,12,50,1003022,True,False,False,False,"{'selected_arch_idx': 50, 'selected_state_sha256': 'd5326115b950575a2113c0faf6690dbd10a09c67153dc89e5731a3f55ee7ec8f', 'validation': {'weighted_mse': 0.004762687254697084, 'mae': 0.054672013968229294, 'worst10': 0.017911165952682495}, 'check': {'weighted_mse': 0.005761156789958477, 'mae': 0.059976495802402496, 'worst10': 0.021605513989925385}, 'test': {'weighted_mse': 0.0048149991780519485, 'mae': 0.055692099034786224, 'worst10': 0.016258850693702698}, 'selected_arch_matches_frozen': True, 'candidate_order_matches_frozen': True, 'validation_matches_frozen': True, 'check_matches_frozen': True, 'test_matches_frozen': True, 'test_opened_after_timing_and_selection': True}"
True,1,45,c991_h1_k10_bmedium,991,B,medium,1,10,25.119467800017446,12,12,63,1003390,True,False,False,False,"{'selected_arch_idx': 63, 'selected_state_sha256': '9a905dee8dda466827e3c8113aa44a2081579d04e27c04bbe063454c5356f397', 'validation': {'weighted_mse': 0.004920825362205505, 'mae': 0.05604341998696327, 'worst10': 0.020578181371092796}, 'check': {'weighted_mse': 0.0051620714366436005, 'mae': 0.057413868606090546, 'worst10': 0.020881034433841705}, 'test': {'weighted_mse': 0.005536715500056744, 'mae': 0.05908793956041336, 'worst10': 0.023518560454249382}, 'selected_arch_matches_frozen': True, 'candidate_order_matches_frozen': True, 'validation_matches_frozen': True, 'check_matches_frozen': True, 'test_matches_frozen': True, 'test_opened_after_timing_and_selection': True}"
True,1,46,c991_h1_k20_bmedium,991,B,medium,1,20,27.858079600031488,12,12,54,1003920,True,False,False,False,"{'selected_arch_idx': 54, 'selected_state_sha256': '7f14fb3259070f619ff3d7680212706fc1f350bbd577fc855825630da890d434', 'validation': {'weighted_mse': 0.007180613931268454, 'mae': 0.06749306619167328, 'worst10': 0.03265930712223053}, 'check': {'weighted_mse': 0.006144266575574875, 'mae': 0.06316642463207245, 'worst10': 0.02489011362195015}, 'test': {'weighted_mse': 0.007833254523575306, 'mae': 0.07133214175701141, 'worst10': 0.03253408893942833}, 'selected_arch_matches_frozen': True, 'candidate_order_matches_frozen': True, 'validation_matches_frozen': True, 'check_matches_frozen': True, 'test_matches_frozen': True, 'test_opened_after_timing_and_selection': True}"
True,1,47,c991_h4_k10_bmedium,991,B,medium,4,10,20.683213399956003,12,12,49,1003501,True,False,False,False,"{'selected_arch_idx': 49, 'selected_state_sha256': 'd6e5936e4959e76c3b30bae7d346be7258ce6e733e399e627e7b44c2cb62155b', 'validation': {'weighted_mse': 0.01000955980271101, 'mae': 0.07973621785640717, 'worst10': 0.03518548980355263}, 'check': {'weighted_mse': 0.009991754777729511, 'mae': 0.08130413293838501, 'worst10': 0.03308654576539993}, 'test': {'weighted_mse': 0.009672091342508793, 'mae': 0.0793038085103035, 'worst10': 0.03297814354300499}, 'selected_arch_matches_frozen': True, 'candidate_order_matches_frozen': True, 'validation_matches_frozen': True, 'check_matches_frozen': True, 'test_matches_frozen': True, 'test_opened_after_timing_and_selection': True}"
True,1,48,c991_h4_k20_bmedium,991,B,medium,4,20,28.423931999946944,12,12,63,1004031,True,False,False,False,"{'selected_arch_idx': 63, 'selected_state_sha256': '4122c297db373081ebd3a230c16c33d077e89b79ea168006c405eeb379b46558', 'validation': {'weighted_mse': 0.0073281037621200085, 'mae': 0.06891153752803802, 'worst10': 0.02547110617160797}, 'check': {'weighted_mse': 0.005952842067927122, 'mae': 0.0630059614777565, 'worst10': 0.016394177451729774}, 'test': {'weighted_mse': 0.006591455079615116, 'mae': 0.06541987508535385, 'worst10': 0.02150159887969494}, 'selected_arch_matches_frozen': True, 'candidate_order_matches_frozen': True, 'validation_matches_frozen': True, 'check_matches_frozen': True, 'test_matches_frozen': True, 'test_opened_after_timing_and_selection': True}"
True,1,49,c992_h1_k10_bmedium,992,B,medium,1,10,16.922982499934733,12,12,63,1004399,True,False,False,False,"{'selected_arch_idx': 63, 'selected_state_sha256': 'f8ff0a854ee517d6d26e124edd6814fd64537dca8c8050010a641e48dad78710', 'validation': {'weighted_mse': 0.007571631111204624, 'mae': 0.07005783170461655, 'worst10': 0.03250102326273918}, 'check': {'weighted_mse': 0.008225473575294018, 'mae': 0.07422095537185669, 'worst10': 0.032642919570207596}, 'test': {'weighted_mse': 0.007407461293041706, 'mae': 0.06927899271249771, 'worst10': 0.03034668229520321}, 'selected_arch_matches_frozen': True, 'candidate_order_matches_frozen': True, 'validation_matches_frozen': True, 'check_matches_frozen': True, 'test_matches_frozen': True, 'test_opened_after_timing_and_selection': True}"
True,1,50,c992_h1_k20_bmedium,992,B,medium,1,20,10.929669299977832,12,12,36,1004929,True,False,False,False,"{'selected_arch_idx': 36, 'selected_state_sha256': 'bdc3fc88065765913f42fe6ac7b6fd2ab7312e970f0410f2cf52faadedaa0957', 'validation': {'weighted_mse': 0.009845070540904999, 'mae': 0.07844219356775284, 'worst10': 0.045750077813863754}, 'check': {'weighted_mse': 0.00983795989304781, 'mae': 0.08052664250135422, 'worst10': 0.0404641255736351}, 'test': {'weighted_mse': 0.009358743205666542, 'mae': 0.07843078672885895, 'worst10': 0.03938401862978935}, 'selected_arch_matches_frozen': True, 'candidate_order_matches_frozen': True, 'validation_matches_frozen': True, 'check_matches_frozen': True, 'test_matches_frozen': True, 'test_opened_after_timing_and_selection': True}"
True,1,51,c992_h4_k10_bmedium,992,B,medium,4,10,7.88899639993906,12,12,0,1004510,True,False,False,False,"{'selected_arch_idx': 0, 'selected_state_sha256': 'c2578b76bc3ba9500ac17575ebfc5154d2edefb03216de212d53583d1662c46d', 'validation': {'weighted_mse': 0.012121659703552723, 'mae': 0.09041699767112732, 'worst10': 0.04230736196041107}, 'check': {'weighted_mse': 0.011877643875777721, 'mae': 0.0916738510131836, 'worst10': 0.03633797541260719}, 'test': {'weighted_mse': 0.011763551272451878, 'mae': 0.08865921199321747, 'worst10': 0.03959460183978081}, 'selected_arch_matches_frozen': True, 'candidate_order_matches_frozen': True, 'validation_matches_frozen': True, 'check_matches_frozen': True, 'test_matches_frozen': True, 'test_opened_after_timing_and_selection': True}"
True,1,52,c992_h4_k20_bmedium,992,B,medium,4,20,15.524614900001325,12,12,46,1005040,True,False,False,False,"{'selected_arch_idx': 46, 'selected_state_sha256': 'aba4d84e996f3f90f3d5c4a791bbc73ef425fcba3a0eeb8c4b1df3821b993f09', 'validation': {'weighted_mse': 0.011385784484446049, 'mae': 0.08576143532991409, 'worst10': 0.03984517976641655}, 'check': {'weighted_mse': 0.011419042944908142, 'mae': 0.08618226647377014, 'worst10': 0.038876861333847046}, 'test': {'weighted_mse': 0.010834725573658943, 'mae': 0.08402623981237411, 'worst10': 0.03709247335791588}, 'selected_arch_matches_frozen': True, 'candidate_order_matches_frozen': True, 'validation_matches_frozen': True, 'check_matches_frozen': True, 'test_matches_frozen': True, 'test_opened_after_timing_and_selection': True}"
True,1,53,c993_h1_k10_bmedium,993,B,medium,1,10,15.146338599966839,12,12,28,1005408,True,False,False,False,"{'selected_arch_idx': 28, 'selected_state_sha256': '5f20f67d809b922f10500335c6bcef2f29ce658725f75797d896d82ca5794a3d', 'validation': {'weighted_mse': 0.014810798689723015, 'mae': 0.09856339544057846, 'worst10': 0.06096172332763672}, 'check': {'weighted_mse': 0.025259094312787056, 'mae': 0.13748782873153687, 'worst10': 0.08275137841701508}, 'test': {'weighted_mse': 0.024728696793317795, 'mae': 0.13681858777999878, 'worst10': 0.0768919363617897}, 'selected_arch_matches_frozen': True, 'candidate_order_matches_frozen': True, 'validation_matches_frozen': True, 'check_matches_frozen': True, 'test_matches_frozen': True, 'test_opened_after_timing_and_selection': True}"
True,1,54,c993_h1_k20_bmedium,993,B,medium,1,20,15.608156200032681,12,12,28,1005938,True,False,False,False,"{'selected_arch_idx': 28, 'selected_state_sha256': 'b2954b7215b1b814882fee8961b9ff82b732e80ddd8adeb8c80f96ada60509ca', 'validation': {'weighted_mse': 0.008812413550913334, 'mae': 0.07366384565830231, 'worst10': 0.040882740169763565}, 'check': {'weighted_mse': 0.014810619875788689, 'mae': 0.0998162105679512, 'worst10': 0.05865135416388512}, 'test': {'weighted_mse': 0.014039785601198673, 'mae': 0.09828213602304459, 'worst10': 0.05232931300997734}, 'selected_arch_matches_frozen': True, 'candidate_order_matches_frozen': True, 'validation_matches_frozen': True, 'check_matches_frozen': True, 'test_matches_frozen': True, 'test_opened_after_timing_and_selection': True}"
True,1,55,c993_h4_k10_bmedium,993,B,medium,4,10,20.345792899955995,12,12,35,1005519,True,False,False,False,"{'selected_arch_idx': 35, 'selected_state_sha256': '01ac6f9f6fdbe8742abb5a473f2c4868062d7f7bcb8fddea226d9f6d3c05942c', 'validation': {'weighted_mse': 0.0269340630620718, 'mae': 0.13340416550636292, 'worst10': 0.09235720336437225}, 'check': {'weighted_mse': 0.04551658406853676, 'mae': 0.18698588013648987, 'worst10': 0.12426644563674927}, 'test': {'weighted_mse': 0.0419851690530777, 'mae': 0.17898282408714294, 'worst10': 0.11264382302761078}, 'selected_arch_matches_frozen': True, 'candidate_order_matches_frozen': True, 'validation_matches_frozen': True, 'check_matches_frozen': True, 'test_matches_frozen': True, 'test_opened_after_timing_and_selection': True}"
True,1,56,c993_h4_k20_bmedium,993,B,medium,4,20,12.901386799989268,12,12,28,1006049,True,False,False,False,"{'selected_arch_idx': 28, 'selected_state_sha256': '02a9aa44950026eb0c6a55a6c24b8810a26714618445761fbddc11b407aaab5b', 'validation': {'weighted_mse': 0.015557759441435337, 'mae': 0.09983691573143005, 'worst10': 0.05307277664542198}, 'check': {'weighted_mse': 0.029205765575170517, 'mae': 0.14525945484638214, 'worst10': 0.08308745920658112}, 'test': {'weighted_mse': 0.0277189202606678, 'mae': 0.1417941004037857, 'worst10': 0.07505875825881958}, 'selected_arch_matches_frozen': True, 'candidate_order_matches_frozen': True, 'validation_matches_frozen': True, 'check_matches_frozen': True, 'test_matches_frozen': True, 'test_opened_after_timing_and_selection': True}"
True,1,57,c994_h1_k10_btight,994,A,tight,1,10,14.862117999931797,12,12,57,1006417,True,False,False,False,"{'selected_arch_idx': 57, 'selected_state_sha256': 'c2f010f9902d934c592c813e01c2db30b3207c4ea7d751511891064e9fb9357a', 'validation': {'weighted_mse': 0.002022841013967991, 'mae': 0.03671196475625038, 'worst10': 0.008423340506851673}, 'check': {'weighted_mse': 0.0019577399361878633, 'mae': 0.03551102429628372, 'worst10': 0.008802879601716995}, 'test': {'weighted_mse': 0.0030900954734534025, 'mae': 0.04227396473288536, 'worst10': 0.016446314752101898}, 'selected_arch_matches_frozen': True, 'candidate_order_matches_frozen': True, 'validation_matches_frozen': True, 'check_matches_frozen': True, 'test_matches_frozen': True, 'test_opened_after_timing_and_selection': True}"
True,1,58,c994_h1_k20_btight,994,A,tight,1,20,17.6565958999563,12,12,24,1006947,True,False,False,False,"{'selected_arch_idx': 24, 'selected_state_sha256': '67a2ac9958560504d7390c5a669329f053a1747a2a79e0cd0fb344174ecaec30', 'validation': {'weighted_mse': 0.0026236192788928747, 'mae': 0.04164663329720497, 'worst10': 0.011175856925547123}, 'check': {'weighted_mse': 0.002667544176802039, 'mae': 0.041494205594062805, 'worst10': 0.011116301640868187}, 'test': {'weighted_mse': 0.003601263277232647, 'mae': 0.046170104295015335, 'worst10': 0.019186919555068016}, 'selected_arch_matches_frozen': True, 'candidate_order_matches_frozen': True, 'validation_matches_frozen': True, 'check_matches_frozen': True, 'test_matches_frozen': True, 'test_opened_after_timing_and_selection': True}"
True,1,59,c994_h4_k10_btight,994,A,tight,4,10,21.40913159993943,12,12,47,1006528,True,False,False,False,"{'selected_arch_idx': 47, 'selected_state_sha256': 'f58a0f3759dd797cf29646b255cb9b39febf55fdc7ae6586def9176a72c2e4f7', 'validation': {'weighted_mse': 0.004887246992439032, 'mae': 0.05642808973789215, 'worst10': 0.014578483067452908}, 'check': {'weighted_mse': 0.004603634122759104, 'mae': 0.05460026487708092, 'worst10': 0.013689788989722729}, 'test': {'weighted_mse': 0.006049420218914747, 'mae': 0.060836926102638245, 'worst10': 0.024293240159749985}, 'selected_arch_matches_frozen': True, 'candidate_order_matches_frozen': True, 'validation_matches_frozen': True, 'check_matches_frozen': True, 'test_matches_frozen': True, 'test_opened_after_timing_and_selection': True}"
True,1,60,c994_h4_k20_btight,994,A,tight,4,20,14.409781099995598,12,12,46,1007058,True,False,False,False,"{'selected_arch_idx': 46, 'selected_state_sha256': 'c22eeb42a61f18c57d7a8d8fb286615d7e8663028017d47866a4b870f86a8aee', 'validation': {'weighted_mse': 0.004035578109323978, 'mae': 0.05157199129462242, 'worst10': 0.012131947092711926}, 'check': {'weighted_mse': 0.003998407628387213, 'mae': 0.05133969709277153, 'worst10': 0.012226729653775692}, 'test': {'weighted_mse': 0.005005254410207272, 'mae': 0.055475011467933655, 'worst10': 0.021016636863350868}, 'selected_arch_matches_frozen': True, 'candidate_order_matches_frozen': True, 'validation_matches_frozen': True, 'check_matches_frozen': True, 'test_matches_frozen': True, 'test_opened_after_timing_and_selection': True}"
True,1,61,c995_h1_k10_bmedium,995,C,medium,1,10,13.868346699979156,12,12,63,1007426,True,False,False,False,"{'selected_arch_idx': 63, 'selected_state_sha256': '23d98a5ed0844d956d4d3291371cfe11e696e530f047fc5f96cccea85180c098', 'validation': {'weighted_mse': 0.01384540181607008, 'mae': 0.09297115355730057, 'worst10': 0.062378890812397}, 'check': {'weighted_mse': 0.011006766930222511, 'mae': 0.0832577720284462, 'worst10': 0.04631196707487106}, 'test': {'weighted_mse': 0.013651633635163307, 'mae': 0.09098321944475174, 'worst10': 0.06445392966270447}, 'selected_arch_matches_frozen': True, 'candidate_order_matches_frozen': True, 'validation_matches_frozen': True, 'check_matches_frozen': True, 'test_matches_frozen': True, 'test_opened_after_timing_and_selection': True}"
True,1,62,c995_h1_k20_bmedium,995,C,medium,1,20,23.204283299972303,12,12,58,1007956,True,False,False,False,"{'selected_arch_idx': 58, 'selected_state_sha256': '19f6c8f96019b828b4f4d0c3c4ed206b259473d2088e46e9953c04c1efe0eaf1', 'validation': {'weighted_mse': 0.010263429954648018, 'mae': 0.08163443952798843, 'worst10': 0.04483291134238243}, 'check': {'weighted_mse': 0.00943952426314354, 'mae': 0.07898186147212982, 'worst10': 0.03786839172244072}, 'test': {'weighted_mse': 0.011103738099336624, 'mae': 0.0840843990445137, 'worst10': 0.04881973937153816}, 'selected_arch_matches_frozen': True, 'candidate_order_matches_frozen': True, 'validation_matches_frozen': True, 'check_matches_frozen': True, 'test_matches_frozen': True, 'test_opened_after_timing_and_selection': True}"
True,1,63,c995_h4_k10_bmedium,995,C,medium,4,10,16.91428729996551,12,12,49,1007537,True,False,False,False,"{'selected_arch_idx': 49, 'selected_state_sha256': '6a0f5c0014b306963923c4c0993868f1b31ff5362cee56cbda0d643a24063574', 'validation': {'weighted_mse': 0.027217213064432144, 'mae': 0.13076160848140717, 'worst10': 0.08804930746555328}, 'check': {'weighted_mse': 0.022219227626919746, 'mae': 0.11866109818220139, 'worst10': 0.06690917164087296}, 'test': {'weighted_mse': 0.029801009222865105, 'mae': 0.13614998757839203, 'worst10': 0.0945732519030571}, 'selected_arch_matches_frozen': True, 'candidate_order_matches_frozen': True, 'validation_matches_frozen': True, 'check_matches_frozen': True, 'test_matches_frozen': True, 'test_opened_after_timing_and_selection': True}"
True,1,64,c995_h4_k20_bmedium,995,C,medium,4,20,17.787985499948263,12,12,0,1008067,True,False,False,False,"{'selected_arch_idx': 0, 'selected_state_sha256': '5972943af344e547f777b352345765670a3ea3485a6d741f556c2808a8861ca5', 'validation': {'weighted_mse': 0.014211421832442284, 'mae': 0.09459199756383896, 'worst10': 0.05868247523903847}, 'check': {'weighted_mse': 0.010746625252068043, 'mae': 0.08505360037088394, 'worst10': 0.03428357467055321}, 'test': {'weighted_mse': 0.015493392944335938, 'mae': 0.09931199252605438, 'worst10': 0.05834776908159256}, 'selected_arch_matches_frozen': True, 'candidate_order_matches_frozen': True, 'validation_matches_frozen': True, 'check_matches_frozen': True, 'test_matches_frozen': True, 'test_opened_after_timing_and_selection': True}"
True,1,65,c996_h1_k10_btight,996,A,tight,1,10,14.007300400058739,12,12,35,1008435,True,False,False,False,"{'selected_arch_idx': 35, 'selected_state_sha256': 'a9157448cb77300f046207cd7d261d44bfe111baa9990ec93bf340bb168f2595', 'validation': {'weighted_mse': 0.0055505759082734585, 'mae': 0.060513950884342194, 'worst10': 0.02310858480632305}, 'check': {'weighted_mse': 0.004394100978970528, 'mae': 0.05272209271788597, 'worst10': 0.019276181235909462}, 'test': {'weighted_mse': 0.004919011145830154, 'mae': 0.056781165301799774, 'worst10': 0.02037489414215088}, 'selected_arch_matches_frozen': True, 'candidate_order_matches_frozen': True, 'validation_matches_frozen': True, 'check_matches_frozen': True, 'test_matches_frozen': True, 'test_opened_after_timing_and_selection': True}"
True,1,66,c996_h1_k20_btight,996,A,tight,1,20,13.416593700065278,12,12,45,1008965,True,False,False,False,"{'selected_arch_idx': 45, 'selected_state_sha256': '928425993cae9b68ecbcf95e3cd13e3f0856f6e8416f3334aa5fe676179c217c', 'validation': {'weighted_mse': 0.004494486842304468, 'mae': 0.05194947496056557, 'worst10': 0.022166790440678596}, 'check': {'weighted_mse': 0.004908734932541847, 'mae': 0.05380934476852417, 'worst10': 0.02518358826637268}, 'test': {'weighted_mse': 0.0037950705736875534, 'mae': 0.048635002225637436, 'worst10': 0.0185744259506464}, 'selected_arch_matches_frozen': True, 'candidate_order_matches_frozen': True, 'validation_matches_frozen': True, 'check_matches_frozen': True, 'test_matches_frozen': True, 'test_opened_after_timing_and_selection': True}"
True,1,67,c996_h4_k10_btight,996,A,tight,4,10,10.756687399931252,12,12,20,1008546,True,False,False,False,"{'selected_arch_idx': 20, 'selected_state_sha256': '0c4b40725a42710e88097c557c86125effd164bf7f541bda5ab2fb68d7349aed', 'validation': {'weighted_mse': 0.014891956932842731, 'mae': 0.09987147152423859, 'worst10': 0.05145053565502167}, 'check': {'weighted_mse': 0.015375161543488503, 'mae': 0.10356658697128296, 'worst10': 0.046902842819690704}, 'test': {'weighted_mse': 0.013493528589606285, 'mae': 0.09594780206680298, 'worst10': 0.04330555722117424}, 'selected_arch_matches_frozen': True, 'candidate_order_matches_frozen': True, 'validation_matches_frozen': True, 'check_matches_frozen': True, 'test_matches_frozen': True, 'test_opened_after_timing_and_selection': True}"
True,1,68,c996_h4_k20_btight,996,A,tight,4,20,18.238526300061494,12,12,46,1009076,True,False,False,False,"{'selected_arch_idx': 46, 'selected_state_sha256': 'c39d13d11fb19fb9a5662f303dd049a8ae316a3393eb24e59b4366401d340ba8', 'validation': {'weighted_mse': 0.006884565576910973, 'mae': 0.0665406659245491, 'worst10': 0.02470390498638153}, 'check': {'weighted_mse': 0.006791303865611553, 'mae': 0.06745918095111847, 'worst10': 0.02287440001964569}, 'test': {'weighted_mse': 0.005997930187731981, 'mae': 0.06302496790885925, 'worst10': 0.019697558134794235}, 'selected_arch_matches_frozen': True, 'candidate_order_matches_frozen': True, 'validation_matches_frozen': True, 'check_matches_frozen': True, 'test_matches_frozen': True, 'test_opened_after_timing_and_selection': True}"
True,1,69,c997_h1_k10_bmedium,997,B,medium,1,10,10.686519199982285,12,12,45,1009444,True,False,False,False,"{'selected_arch_idx': 45, 'selected_state_sha256': '563a8125bc147c7f233deabd37742e01c9faebf2dbde986004b4362dbb1829df', 'validation': {'weighted_mse': 0.010849375277757645, 'mae': 0.08272192627191544, 'worst10': 0.04942438378930092}, 'check': {'weighted_mse': 0.014496343210339546, 'mae': 0.0957484021782875, 'worst10': 0.06289894878864288}, 'test': {'weighted_mse': 0.013338168151676655, 'mae': 0.091421939432621, 'worst10': 0.05961259454488754}, 'selected_arch_matches_frozen': True, 'candidate_order_matches_frozen': True, 'validation_matches_frozen': True, 'check_matches_frozen': True, 'test_matches_frozen': True, 'test_opened_after_timing_and_selection': True}"
True,1,70,c997_h1_k20_bmedium,997,B,medium,1,20,13.808788800030015,12,12,49,1009974,True,False,False,False,"{'selected_arch_idx': 49, 'selected_state_sha256': '934224c9a2ee47d725935c78c4a00d9a96e2dc571788c36575f2261d13caabb6', 'validation': {'weighted_mse': 0.008955627679824829, 'mae': 0.07494726777076721, 'worst10': 0.04033973440527916}, 'check': {'weighted_mse': 0.013339681550860405, 'mae': 0.09515722095966339, 'worst10': 0.05363968759775162}, 'test': {'weighted_mse': 0.01379714347422123, 'mae': 0.094963937997818, 'worst10': 0.06074513867497444}, 'selected_arch_matches_frozen': True, 'candidate_order_matches_frozen': True, 'validation_matches_frozen': True, 'check_matches_frozen': True, 'test_matches_frozen': True, 'test_opened_after_timing_and_selection': True}"
True,1,71,c997_h4_k10_bmedium,997,B,medium,4,10,15.461981100030243,12,12,0,1009555,True,False,False,False,"{'selected_arch_idx': 0, 'selected_state_sha256': 'efc1ed5361f2da003682cdbae2379da3fcdef4bd5c9c70803dc8e8c6e72d6f87', 'validation': {'weighted_mse': 0.011665815487504005, 'mae': 0.08681383728981018, 'worst10': 0.04191111400723457}, 'check': {'weighted_mse': 0.015188357792794704, 'mae': 0.10447622090578079, 'worst10': 0.04426812008023262}, 'test': {'weighted_mse': 0.015161997638642788, 'mae': 0.10270988196134567, 'worst10': 0.05290333554148674}, 'selected_arch_matches_frozen': True, 'candidate_order_matches_frozen': True, 'validation_matches_frozen': True, 'check_matches_frozen': True, 'test_matches_frozen': True, 'test_opened_after_timing_and_selection': True}"
True,1,72,c997_h4_k20_bmedium,997,B,medium,4,20,28.463920299895108,12,12,51,1010085,True,False,False,False,"{'selected_arch_idx': 51, 'selected_state_sha256': '1ed81b76e0c8cb817a41029cc7b3583d707434e86f909f04c2fb4990d77116f3', 'validation': {'weighted_mse': 0.013473478145897388, 'mae': 0.09218288958072662, 'worst10': 0.0446309894323349}, 'check': {'weighted_mse': 0.01640578731894493, 'mae': 0.10470359027385712, 'worst10': 0.05083105340600014}, 'test': {'weighted_mse': 0.015978999435901642, 'mae': 0.10233420133590698, 'worst10': 0.0507197380065918}, 'selected_arch_matches_frozen': True, 'candidate_order_matches_frozen': True, 'validation_matches_frozen': True, 'check_matches_frozen': True, 'test_matches_frozen': True, 'test_opened_after_timing_and_selection': True}"
True,1,73,c998_h1_k10_bmedium,998,C,medium,1,10,23.570768699981272,12,12,58,1010453,True,False,False,False,"{'selected_arch_idx': 58, 'selected_state_sha256': '44aec3106979b0e38793c4a7d1864b786646969c79a85b88a062c65a9ca6cb83', 'validation': {'weighted_mse': 0.008911209180951118, 'mae': 0.07599161565303802, 'worst10': 0.03787902370095253}, 'check': {'weighted_mse': 0.008910427801311016, 'mae': 0.07471626251935959, 'worst10': 0.040807001292705536}, 'test': {'weighted_mse': 0.011134320870041847, 'mae': 0.08579473197460175, 'worst10': 0.04583163559436798}, 'selected_arch_matches_frozen': True, 'candidate_order_matches_frozen': True, 'validation_matches_frozen': True, 'check_matches_frozen': True, 'test_matches_frozen': True, 'test_opened_after_timing_and_selection': True}"
True,1,74,c998_h1_k20_bmedium,998,C,medium,1,20,15.030238599982113,12,12,51,1010983,True,False,False,False,"{'selected_arch_idx': 51, 'selected_state_sha256': 'f5efcb0459fcbb89eb478555aa92a1041547e8ec3f65139aa64428d6cd627b1c', 'validation': {'weighted_mse': 0.009849806316196918, 'mae': 0.08040701597929001, 'worst10': 0.04124651849269867}, 'check': {'weighted_mse': 0.009092244319617748, 'mae': 0.07643461972475052, 'worst10': 0.03867315500974655}, 'test': {'weighted_mse': 0.01041762437671423, 'mae': 0.0824083685874939, 'worst10': 0.04430052638053894}, 'selected_arch_matches_frozen': True, 'candidate_order_matches_frozen': True, 'validation_matches_frozen': True, 'check_matches_frozen': True, 'test_matches_frozen': True, 'test_opened_after_timing_and_selection': True}"
True,1,75,c998_h4_k10_bmedium,998,C,medium,4,10,12.350737400003709,12,12,6,1010564,True,False,False,False,"{'selected_arch_idx': 6, 'selected_state_sha256': 'ced451658f71281f87dc5e0c1ee8dbb93813d02d2fe534cce5635c70647ef0dd', 'validation': {'weighted_mse': 0.023622868582606316, 'mae': 0.1277722269296646, 'worst10': 0.06574085354804993}, 'check': {'weighted_mse': 0.015170225873589516, 'mae': 0.09920381754636765, 'worst10': 0.0468873493373394}, 'test': {'weighted_mse': 0.014713495038449764, 'mae': 0.09751308709383011, 'worst10': 0.046224117279052734}, 'selected_arch_matches_frozen': True, 'candidate_order_matches_frozen': True, 'validation_matches_frozen': True, 'check_matches_frozen': True, 'test_matches_frozen': True, 'test_opened_after_timing_and_selection': True}"
True,1,76,c998_h4_k20_bmedium,998,C,medium,4,20,19.43634999997448,12,12,36,1011094,True,False,False,False,"{'selected_arch_idx': 36, 'selected_state_sha256': '4020c6892a26cd46696cc3891bdd8266b9d3a8dc03c7e595262a6db6128c6549', 'validation': {'weighted_mse': 0.02797328308224678, 'mae': 0.13745057582855225, 'worst10': 0.08072157949209213}, 'check': {'weighted_mse': 0.018819643184542656, 'mae': 0.11028851568698883, 'worst10': 0.05858305096626282}, 'test': {'weighted_mse': 0.01944938488304615, 'mae': 0.11150108277797699, 'worst10': 0.06507585942745209}, 'selected_arch_matches_frozen': True, 'candidate_order_matches_frozen': True, 'validation_matches_frozen': True, 'check_matches_frozen': True, 'test_matches_frozen': True, 'test_opened_after_timing_and_selection': True}"
True,1,77,c999_h1_k10_btight,999,C,tight,1,10,17.668626800063066,12,12,56,1011462,True,False,False,False,"{'selected_arch_idx': 56, 'selected_state_sha256': 'd70081c752d131481a446e026cba1c28f2518ef19c8e2db621d77ef6cc1745db', 'validation': {'weighted_mse': 0.010534186847507954, 'mae': 0.08261659741401672, 'worst10': 0.043687209486961365}, 'check': {'weighted_mse': 0.010296707041561604, 'mae': 0.08269042521715164, 'worst10': 0.040279094129800797}, 'test': {'weighted_mse': 0.01500470656901598, 'mae': 0.10097992420196533, 'worst10': 0.06026233360171318}, 'selected_arch_matches_frozen': True, 'candidate_order_matches_frozen': True, 'validation_matches_frozen': True, 'check_matches_frozen': True, 'test_matches_frozen': True, 'test_opened_after_timing_and_selection': True}"
True,1,78,c999_h1_k20_btight,999,C,tight,1,20,14.702453900012188,12,12,42,1011992,True,False,False,False,"{'selected_arch_idx': 42, 'selected_state_sha256': '8fc64f77db2db9a718655352eed2e04c71090534985968905e07ef823cb5bf06', 'validation': {'weighted_mse': 0.012758470140397549, 'mae': 0.09187974780797958, 'worst10': 0.05252831056714058}, 'check': {'weighted_mse': 0.011486083269119263, 'mae': 0.08865741640329361, 'worst10': 0.04304847866296768}, 'test': {'weighted_mse': 0.024061398580670357, 'mae': 0.12993186712265015, 'worst10': 0.08859390020370483}, 'selected_arch_matches_frozen': True, 'candidate_order_matches_frozen': True, 'validation_matches_frozen': True, 'check_matches_frozen': True, 'test_matches_frozen': True, 'test_opened_after_timing_and_selection': True}"
True,1,79,c999_h4_k10_btight,999,C,tight,4,10,13.587879800004885,12,12,55,1011573,True,False,False,False,"{'selected_arch_idx': 55, 'selected_state_sha256': '3bc2ed27c81bdafe22a97717e14a7a91f9828547bdd84578adc8eafb17921524', 'validation': {'weighted_mse': 0.019089121371507645, 'mae': 0.11057241261005402, 'worst10': 0.06650161743164062}, 'check': {'weighted_mse': 0.018980907276272774, 'mae': 0.11098302155733109, 'worst10': 0.061283085495233536}, 'test': {'weighted_mse': 0.03178783506155014, 'mae': 0.1504155397415161, 'worst10': 0.09332620352506638}, 'selected_arch_matches_frozen': True, 'candidate_order_matches_frozen': True, 'validation_matches_frozen': True, 'check_matches_frozen': True, 'test_matches_frozen': True, 'test_opened_after_timing_and_selection': True}"
True,1,80,c999_h4_k20_btight,999,C,tight,4,20,21.672999699949287,12,12,55,1012103,True,False,False,False,"{'selected_arch_idx': 55, 'selected_state_sha256': '5a4ec33179a84d03bf627891bcc19dc250b3ee39749ce4cfcaed263df80d8d2d', 'validation': {'weighted_mse': 0.016513187438249588, 'mae': 0.10330186784267426, 'worst10': 0.05260549858212471}, 'check': {'weighted_mse': 0.015568943694233894, 'mae': 0.09919591248035431, 'worst10': 0.04835611209273338}, 'test': {'weighted_mse': 0.02338486723601818, 'mae': 0.12552277743816376, 'worst10': 0.07195121794939041}, 'selected_arch_matches_frozen': True, 'candidate_order_matches_frozen': True, 'validation_matches_frozen': True, 'check_matches_frozen': True, 'test_matches_frozen': True, 'test_opened_after_timing_and_selection': True}"
True,2,1,c980_h1_k10_bloose,980,A,loose,1,10,59.024494700017385,12,12,30,992291,True,False,False,False,"{'selected_arch_idx': 30, 'selected_state_sha256': 'db4bfd3a4d8e44b6a067c38483a3383b350f2b56ee132c830e2300abc38fb44a', 'validation': {'weighted_mse': 0.0030615217983722687, 'mae': 0.04507574811577797, 'worst10': 0.01253217738121748}, 'check': {'weighted_mse': 0.0033360086381435394, 'mae': 0.04728008434176445, 'worst10': 0.013575254008173943}, 'test': {'weighted_mse': 0.002963755512610078, 'mae': 0.042932119220495224, 'worst10': 0.013358625583350658}, 'selected_arch_matches_frozen': True, 'candidate_order_matches_frozen': True, 'validation_matches_frozen': True, 'check_matches_frozen': True, 'test_matches_frozen': True, 'test_opened_after_timing_and_selection': True}"
True,2,2,c980_h1_k20_bloose,980,A,loose,1,20,13.727974099921994,12,12,23,992821,True,False,False,False,"{'selected_arch_idx': 23, 'selected_state_sha256': '634e4c787b420ed5a596296c79a6f79c8f45f0d719200eb786d2ddd1cb8db64e', 'validation': {'weighted_mse': 0.0038291628006845713, 'mae': 0.04990711063146591, 'worst10': 0.01572558470070362}, 'check': {'weighted_mse': 0.004340082406997681, 'mae': 0.05364573374390602, 'worst10': 0.01746532693505287}, 'test': {'weighted_mse': 0.0034944869112223387, 'mae': 0.047907426953315735, 'worst10': 0.014578094705939293}, 'selected_arch_matches_frozen': True, 'candidate_order_matches_frozen': True, 'validation_matches_frozen': True, 'check_matches_frozen': True, 'test_matches_frozen': True, 'test_opened_after_timing_and_selection': True}"
True,2,3,c980_h4_k10_bloose,980,A,loose,4,10,13.403035300085321,12,12,2,992402,True,False,False,False,"{'selected_arch_idx': 2, 'selected_state_sha256': 'e6f82b80de86579170123c65e83e6d4bd20f25db008c0f7808e906f6c1863801', 'validation': {'weighted_mse': 0.004976664669811726, 'mae': 0.058512717485427856, 'worst10': 0.016165805980563164}, 'check': {'weighted_mse': 0.005880947224795818, 'mae': 0.06391147524118423, 'worst10': 0.01824036054313183}, 'test': {'weighted_mse': 0.004766291473060846, 'mae': 0.05693446844816208, 'worst10': 0.016269374638795853}, 'selected_arch_matches_frozen': True, 'candidate_order_matches_frozen': True, 'validation_matches_frozen': True, 'check_matches_frozen': True, 'test_matches_frozen': True, 'test_opened_after_timing_and_selection': True}"
True,2,4,c980_h4_k20_bloose,980,A,loose,4,20,14.305938999983482,12,12,8,992932,True,False,False,False,"{'selected_arch_idx': 8, 'selected_state_sha256': '3ac06bde46298d0bf99a6874937122b8a566407b07695820f22c1f2b8c3959b7', 'validation': {'weighted_mse': 0.006747014820575714, 'mae': 0.06934544444084167, 'worst10': 0.01995495706796646}, 'check': {'weighted_mse': 0.00792058277875185, 'mae': 0.07586386054754257, 'worst10': 0.02241688407957554}, 'test': {'weighted_mse': 0.006510906852781773, 'mae': 0.06794825941324234, 'worst10': 0.020749656483530998}, 'selected_arch_matches_frozen': True, 'candidate_order_matches_frozen': True, 'validation_matches_frozen': True, 'check_matches_frozen': True, 'test_matches_frozen': True, 'test_opened_after_timing_and_selection': True}"
True,2,5,c981_h1_k10_btight,981,C,tight,1,10,19.767349499976262,12,12,25,993300,True,False,False,False,"{'selected_arch_idx': 25, 'selected_state_sha256': '66f4d64bdb53a2130caf6dbb1c7042d6f60211cead7f2de44955011376c5d56c', 'validation': {'weighted_mse': 0.03366848826408386, 'mae': 0.15390951931476593, 'worst10': 0.12537066638469696}, 'check': {'weighted_mse': 0.04317713528871536, 'mae': 0.18411913514137268, 'worst10': 0.12593531608581543}, 'test': {'weighted_mse': 0.039981693029403687, 'mae': 0.17479217052459717, 'worst10': 0.1256851851940155}, 'selected_arch_matches_frozen': True, 'candidate_order_matches_frozen': True, 'validation_matches_frozen': True, 'check_matches_frozen': True, 'test_matches_frozen': True, 'test_opened_after_timing_and_selection': True}"
True,2,6,c981_h1_k20_btight,981,C,tight,1,20,22.436189999920316,12,12,33,993830,True,False,False,False,"{'selected_arch_idx': 33, 'selected_state_sha256': 'fdec9358f9dd50ddb26e67269cece2742867ca96cf6cfa4d9a1467b367d739d1', 'validation': {'weighted_mse': 0.022030571475625038, 'mae': 0.12321698665618896, 'worst10': 0.0843513160943985}, 'check': {'weighted_mse': 0.031297266483306885, 'mae': 0.15521474182605743, 'worst10': 0.09483948349952698}, 'test': {'weighted_mse': 0.031317707151174545, 'mae': 0.15506963431835175, 'worst10': 0.09974449872970581}, 'selected_arch_matches_frozen': True, 'candidate_order_matches_frozen': True, 'validation_matches_frozen': True, 'check_matches_frozen': True, 'test_matches_frozen': True, 'test_opened_after_timing_and_selection': True}"
True,2,7,c981_h4_k10_btight,981,C,tight,4,10,17.23885850002989,12,12,46,993411,True,False,False,False,"{'selected_arch_idx': 46, 'selected_state_sha256': 'ac0e3243eb7b1d38514ffaa372fb3abf3a09af331965a0744883e2440a5e0fb8', 'validation': {'weighted_mse': 0.0404595285654068, 'mae': 0.17020998895168304, 'worst10': 0.11911284923553467}, 'check': {'weighted_mse': 0.04854460433125496, 'mae': 0.19307509064674377, 'worst10': 0.11403661966323853}, 'test': {'weighted_mse': 0.04761078581213951, 'mae': 0.1896210014820099, 'worst10': 0.1217796579003334}, 'selected_arch_matches_frozen': True, 'candidate_order_matches_frozen': True, 'validation_matches_frozen': True, 'check_matches_frozen': True, 'test_matches_frozen': True, 'test_opened_after_timing_and_selection': True}"
True,2,8,c981_h4_k20_btight,981,C,tight,4,20,18.970380799961276,12,12,46,993941,True,False,False,False,"{'selected_arch_idx': 46, 'selected_state_sha256': 'ac44bc33eb1d0ebb48256c402d2c6e13c5634dc107c86716038f6675e766d245', 'validation': {'weighted_mse': 0.02647838555276394, 'mae': 0.13195832073688507, 'worst10': 0.0908881351351738}, 'check': {'weighted_mse': 0.029587354511022568, 'mae': 0.14416037499904633, 'worst10': 0.08079326897859573}, 'test': {'weighted_mse': 0.029276050627231598, 'mae': 0.14239837229251862, 'worst10': 0.08647306263446808}, 'selected_arch_matches_frozen': True, 'candidate_order_matches_frozen': True, 'validation_matches_frozen': True, 'check_matches_frozen': True, 'test_matches_frozen': True, 'test_opened_after_timing_and_selection': True}"
True,2,9,c982_h1_k10_bmedium,982,B,medium,1,10,23.265383500023745,12,12,46,994309,True,False,False,False,"{'selected_arch_idx': 46, 'selected_state_sha256': '8fb4d4805ad7d3f0aaec502337be06ed0e013efddfc1efa41302fecaea9a4e87', 'validation': {'weighted_mse': 0.014746961183845997, 'mae': 0.09739760309457779, 'worst10': 0.05891917645931244}, 'check': {'weighted_mse': 0.014114808291196823, 'mae': 0.09749925136566162, 'worst10': 0.053237102925777435}, 'test': {'weighted_mse': 0.013757781125605106, 'mae': 0.09676659852266312, 'worst10': 0.05003468319773674}, 'selected_arch_matches_frozen': True, 'candidate_order_matches_frozen': True, 'validation_matches_frozen': True, 'check_matches_frozen': True, 'test_matches_frozen': True, 'test_opened_after_timing_and_selection': True}"
True,2,10,c982_h1_k20_bmedium,982,B,medium,1,20,22.862693100003526,12,12,58,994839,True,False,False,False,"{'selected_arch_idx': 58, 'selected_state_sha256': '717f0f88fcbb981488808cf7928abf06a9a9e27a230d8a99b958e998f604bbaa', 'validation': {'weighted_mse': 0.011045614257454872, 'mae': 0.08463511615991592, 'worst10': 0.04638265073299408}, 'check': {'weighted_mse': 0.010165000334382057, 'mae': 0.0822545513510704, 'worst10': 0.039516862481832504}, 'test': {'weighted_mse': 0.009586990810930729, 'mae': 0.08054046332836151, 'worst10': 0.03736167028546333}, 'selected_arch_matches_frozen': True, 'candidate_order_matches_frozen': True, 'validation_matches_frozen': True, 'check_matches_frozen': True, 'test_matches_frozen': True, 'test_opened_after_timing_and_selection': True}"
True,2,11,c982_h4_k10_bmedium,982,B,medium,4,10,14.300120300031267,12,12,48,994420,True,False,False,False,"{'selected_arch_idx': 48, 'selected_state_sha256': 'e5751b24f48ce2ab16656394b108f20f394a863732f4ae426a009fc7b6a3732a', 'validation': {'weighted_mse': 0.019356340169906616, 'mae': 0.11162810772657394, 'worst10': 0.06573484092950821}, 'check': {'weighted_mse': 0.01718325912952423, 'mae': 0.1062229573726654, 'worst10': 0.05422931909561157}, 'test': {'weighted_mse': 0.017619624733924866, 'mae': 0.10821826756000519, 'worst10': 0.05207572877407074}, 'selected_arch_matches_frozen': True, 'candidate_order_matches_frozen': True, 'validation_matches_frozen': True, 'check_matches_frozen': True, 'test_matches_frozen': True, 'test_opened_after_timing_and_selection': True}"
True,2,12,c982_h4_k20_bmedium,982,B,medium,4,20,22.663117899908684,12,12,49,994950,True,False,False,False,"{'selected_arch_idx': 49, 'selected_state_sha256': '61681f4c39e730069a96002d38e82778a9626671870538fcb91e91717ae75daa', 'validation': {'weighted_mse': 0.011780177243053913, 'mae': 0.08720829337835312, 'worst10': 0.043801791965961456}, 'check': {'weighted_mse': 0.010600974783301353, 'mae': 0.08316297829151154, 'worst10': 0.03667273744940758}, 'test': {'weighted_mse': 0.010546068660914898, 'mae': 0.083663709461689, 'worst10': 0.035660140216350555}, 'selected_arch_matches_frozen': True, 'candidate_order_matches_frozen': True, 'validation_matches_frozen': True, 'check_matches_frozen': True, 'test_matches_frozen': True, 'test_opened_after_timing_and_selection': True}"
True,2,13,c983_h1_k10_bmedium,983,B,medium,1,10,17.323988700052723,12,12,55,995318,True,False,False,False,"{'selected_arch_idx': 55, 'selected_state_sha256': '7c5cbec0df76f31d39c849007fa87de98eb6908d19dd74f6541c9a9b28b79603', 'validation': {'weighted_mse': 0.009030076675117016, 'mae': 0.07474987208843231, 'worst10': 0.04153335839509964}, 'check': {'weighted_mse': 0.014150015078485012, 'mae': 0.09391824901103973, 'worst10': 0.06517186760902405}, 'test': {'weighted_mse': 0.018342867493629456, 'mae': 0.10893654823303223, 'worst10': 0.07937777042388916}, 'selected_arch_matches_frozen': True, 'candidate_order_matches_frozen': True, 'validation_matches_frozen': True, 'check_matches_frozen': True, 'test_matches_frozen': True, 'test_opened_after_timing_and_selection': True}"
True,2,14,c983_h1_k20_bmedium,983,B,medium,1,20,20.224078199942596,12,12,6,995848,True,False,False,False,"{'selected_arch_idx': 6, 'selected_state_sha256': 'f317f1a3f07d7f2bbe98e8603072143ab9920d2ab208774ab9434a95203e1146', 'validation': {'weighted_mse': 0.007888471707701683, 'mae': 0.07175301015377045, 'worst10': 0.032095376402139664}, 'check': {'weighted_mse': 0.01488030981272459, 'mae': 0.10453511774539948, 'worst10': 0.044896140694618225}, 'test': {'weighted_mse': 0.017030242830514908, 'mae': 0.11420837044715881, 'worst10': 0.053630467504262924}, 'selected_arch_matches_frozen': True, 'candidate_order_matches_frozen': True, 'validation_matches_frozen': True, 'check_matches_frozen': True, 'test_matches_frozen': True, 'test_opened_after_timing_and_selection': True}"
True,2,15,c983_h4_k10_bmedium,983,B,medium,4,10,23.77876929997001,12,12,51,995429,True,False,False,False,"{'selected_arch_idx': 51, 'selected_state_sha256': '8dd61d4ba68c595537664c1b6ef22f0e0537f5a9bd529e6019f25e7f1814e04a', 'validation': {'weighted_mse': 0.01297341100871563, 'mae': 0.09055566042661667, 'worst10': 0.04551197960972786}, 'check': {'weighted_mse': 0.023202041164040565, 'mae': 0.12832961976528168, 'worst10': 0.07180683314800262}, 'test': {'weighted_mse': 0.026194186881184578, 'mae': 0.13796141743659973, 'worst10': 0.07687323540449142}, 'selected_arch_matches_frozen': True, 'candidate_order_matches_frozen': True, 'validation_matches_frozen': True, 'check_matches_frozen': True, 'test_matches_frozen': True, 'test_opened_after_timing_and_selection': True}"
True,2,16,c983_h4_k20_bmedium,983,B,medium,4,20,12.774291999987327,12,12,0,995959,True,False,False,False,"{'selected_arch_idx': 0, 'selected_state_sha256': '2655c3be07dc6b47f7305bdf6323a2bdf0b166149de73a878d7bf1fa0bf6f309', 'validation': {'weighted_mse': 0.009990389458835125, 'mae': 0.08118272572755814, 'worst10': 0.03732679784297943}, 'check': {'weighted_mse': 0.016275852918624878, 'mae': 0.10944095253944397, 'worst10': 0.0468309223651886}, 'test': {'weighted_mse': 0.018916161730885506, 'mae': 0.11978959292173386, 'worst10': 0.05606983229517937}, 'selected_arch_matches_frozen': True, 'candidate_order_matches_frozen': True, 'validation_matches_frozen': True, 'check_matches_frozen': True, 'test_matches_frozen': True, 'test_opened_after_timing_and_selection': True}"
True,2,17,c984_h1_k10_bmedium,984,A,medium,1,10,23.242940700030886,12,12,56,996327,True,False,False,False,"{'selected_arch_idx': 56, 'selected_state_sha256': 'ae0a0e3f91aa27bcd7a977f6828899fe25fc3a17fd25033b481b3eed077aa21d', 'validation': {'weighted_mse': 0.0030634368304163218, 'mae': 0.04427472501993179, 'worst10': 0.012982017360627651}, 'check': {'weighted_mse': 0.0027300468645989895, 'mae': 0.04136454313993454, 'worst10': 0.012368693016469479}, 'test': {'weighted_mse': 0.002473466796800494, 'mae': 0.03944574296474457, 'worst10': 0.010711373761296272}, 'selected_arch_matches_frozen': True, 'candidate_order_matches_frozen': True, 'validation_matches_frozen': True, 'check_matches_frozen': True, 'test_matches_frozen': True, 'test_opened_after_timing_and_selection': True}"
True,2,18,c984_h1_k20_bmedium,984,A,medium,1,20,14.74835550005082,12,12,56,996857,True,False,False,False,"{'selected_arch_idx': 56, 'selected_state_sha256': '9f4caac60f64bbd3cb9cdf0c9d85c712f8513d99000928978410105e047fab58', 'validation': {'weighted_mse': 0.0032033484894782305, 'mae': 0.04541687294840813, 'worst10': 0.013387160375714302}, 'check': {'weighted_mse': 0.0029340917244553566, 'mae': 0.04336415231227875, 'worst10': 0.012595399282872677}, 'test': {'weighted_mse': 0.002724803751334548, 'mae': 0.041940636932849884, 'worst10': 0.011667282320559025}, 'selected_arch_matches_frozen': True, 'candidate_order_matches_frozen': True, 'validation_matches_frozen': True, 'check_matches_frozen': True, 'test_matches_frozen': True, 'test_opened_after_timing_and_selection': True}"
True,2,19,c984_h4_k10_bmedium,984,A,medium,4,10,16.584645199938677,12,12,26,996438,True,False,False,False,"{'selected_arch_idx': 26, 'selected_state_sha256': '05067134d25e115c0f037ccd91c4b4a76eff82a81a642b220e4051070f1a1741', 'validation': {'weighted_mse': 0.008281148970127106, 'mae': 0.07180403172969818, 'worst10': 0.02358328551054001}, 'check': {'weighted_mse': 0.008304467424750328, 'mae': 0.07109673321247101, 'worst10': 0.02424057014286518}, 'test': {'weighted_mse': 0.0075516351498663425, 'mae': 0.06924885511398315, 'worst10': 0.02060895413160324}, 'selected_arch_matches_frozen': True, 'candidate_order_matches_frozen': True, 'validation_matches_frozen': True, 'check_matches_frozen': True, 'test_matches_frozen': True, 'test_opened_after_timing_and_selection': True}"
True,2,20,c984_h4_k20_bmedium,984,A,medium,4,20,12.515537399915047,12,12,0,996968,True,False,False,False,"{'selected_arch_idx': 0, 'selected_state_sha256': 'c92820f5f69d232ff2f4695519a897a104973f186a272de55952a7b6520fdf73', 'validation': {'weighted_mse': 0.004838316701352596, 'mae': 0.05629211291670799, 'worst10': 0.016683027148246765}, 'check': {'weighted_mse': 0.004853484220802784, 'mae': 0.0569835789501667, 'worst10': 0.015604224987328053}, 'test': {'weighted_mse': 0.005204250104725361, 'mae': 0.0598439946770668, 'worst10': 0.01721579022705555}, 'selected_arch_matches_frozen': True, 'candidate_order_matches_frozen': True, 'validation_matches_frozen': True, 'check_matches_frozen': True, 'test_matches_frozen': True, 'test_opened_after_timing_and_selection': True}"
True,2,21,c985_h1_k10_btight,985,B,tight,1,10,19.066140800016,12,12,31,997336,True,False,False,False,"{'selected_arch_idx': 31, 'selected_state_sha256': 'd2c2b3749c3c05b94f664d5d4dabf5d7c0ce704d0aede6104b2b7d8e2b814371', 'validation': {'weighted_mse': 0.00782532524317503, 'mae': 0.0709044337272644, 'worst10': 0.034153591841459274}, 'check': {'weighted_mse': 0.010280938819050789, 'mae': 0.07814192771911621, 'worst10': 0.05274323374032974}, 'test': {'weighted_mse': 0.007291590794920921, 'mae': 0.0675150454044342, 'worst10': 0.03238128498196602}, 'selected_arch_matches_frozen': True, 'candidate_order_matches_frozen': True, 'validation_matches_frozen': True, 'check_matches_frozen': True, 'test_matches_frozen': True, 'test_opened_after_timing_and_selection': True}"
True,2,22,c985_h1_k20_btight,985,B,tight,1,20,15.342304199934006,12,12,33,997866,True,False,False,False,"{'selected_arch_idx': 33, 'selected_state_sha256': '732f3623c3e9e84d7161654665918e17a42cdf16cc279dbf7c03113c51ac8d1a', 'validation': {'weighted_mse': 0.0068566398695111275, 'mae': 0.06674749404191971, 'worst10': 0.02890903316438198}, 'check': {'weighted_mse': 0.009025806561112404, 'mae': 0.07526232302188873, 'worst10': 0.04127587750554085}, 'test': {'weighted_mse': 0.00950917974114418, 'mae': 0.08016535639762878, 'worst10': 0.038612332195043564}, 'selected_arch_matches_frozen': True, 'candidate_order_matches_frozen': True, 'validation_matches_frozen': True, 'check_matches_frozen': True, 'test_matches_frozen': True, 'test_opened_after_timing_and_selection': True}"
True,2,23,c985_h4_k10_btight,985,B,tight,4,10,13.322757999994792,12,12,57,997447,True,False,False,False,"{'selected_arch_idx': 57, 'selected_state_sha256': '6a44f0f21983285edfa9d6f63029c20b2b5f560524d5fc6d1a82a1d3917c8330', 'validation': {'weighted_mse': 0.012775999493896961, 'mae': 0.09146276861429214, 'worst10': 0.03729231655597687}, 'check': {'weighted_mse': 0.015397352166473866, 'mae': 0.10007806122303009, 'worst10': 0.0522306002676487}, 'test': {'weighted_mse': 0.016803445294499397, 'mae': 0.10626576840877533, 'worst10': 0.05108850076794624}, 'selected_arch_matches_frozen': True, 'candidate_order_matches_frozen': True, 'validation_matches_frozen': True, 'check_matches_frozen': True, 'test_matches_frozen': True, 'test_opened_after_timing_and_selection': True}"
True,2,24,c985_h4_k20_btight,985,B,tight,4,20,18.428970300010405,12,12,46,997977,True,False,False,False,"{'selected_arch_idx': 46, 'selected_state_sha256': '04c5fcd06d80e7b4c47c1f951ce276fc02205d63cc827a4e73847d7a2274398f', 'validation': {'weighted_mse': 0.011053439229726791, 'mae': 0.0856110081076622, 'worst10': 0.037202008068561554}, 'check': {'weighted_mse': 0.015254820697009563, 'mae': 0.09776001423597336, 'worst10': 0.0617542490363121}, 'test': {'weighted_mse': 0.015563329681754112, 'mae': 0.10335292667150497, 'worst10': 0.04856811836361885}, 'selected_arch_matches_frozen': True, 'candidate_order_matches_frozen': True, 'validation_matches_frozen': True, 'check_matches_frozen': True, 'test_matches_frozen': True, 'test_opened_after_timing_and_selection': True}"
True,2,25,c986_h1_k10_bmedium,986,A,medium,1,10,14.475717399967834,12,12,63,998345,True,False,False,False,"{'selected_arch_idx': 63, 'selected_state_sha256': '8462d41591473438432c7196f076e5ec4b16bcb30d31a8e9552b316eaa8dd0f1', 'validation': {'weighted_mse': 0.004424020182341337, 'mae': 0.054264381527900696, 'worst10': 0.01697915978729725}, 'check': {'weighted_mse': 0.005257606040686369, 'mae': 0.059950556606054306, 'worst10': 0.02009827271103859}, 'test': {'weighted_mse': 0.0041354564018547535, 'mae': 0.05115266889333725, 'worst10': 0.01788090355694294}, 'selected_arch_matches_frozen': True, 'candidate_order_matches_frozen': True, 'validation_matches_frozen': True, 'check_matches_frozen': True, 'test_matches_frozen': True, 'test_opened_after_timing_and_selection': True}"
True,2,26,c986_h1_k20_bmedium,986,A,medium,1,20,24.748298899969086,12,12,63,998875,True,False,False,False,"{'selected_arch_idx': 63, 'selected_state_sha256': '6b5edd705b63733d75a7dd23119341324e2d0356a9bf2d86463385384503dcbe', 'validation': {'weighted_mse': 0.0033273512963205576, 'mae': 0.0475650280714035, 'worst10': 0.012855974026024342}, 'check': {'weighted_mse': 0.004022351466119289, 'mae': 0.05198037624359131, 'worst10': 0.01547032967209816}, 'test': {'weighted_mse': 0.0031141971703618765, 'mae': 0.044815048575401306, 'worst10': 0.013665838167071342}, 'selected_arch_matches_frozen': True, 'candidate_order_matches_frozen': True, 'validation_matches_frozen': True, 'check_matches_frozen': True, 'test_matches_frozen': True, 'test_opened_after_timing_and_selection': True}"
True,2,27,c986_h4_k10_bmedium,986,A,medium,4,10,10.142999600037001,12,12,0,998456,True,False,False,False,"{'selected_arch_idx': 0, 'selected_state_sha256': '2db4cedb5f391795b778bb357fea184ce7627348a16223adecb4411ad311f890', 'validation': {'weighted_mse': 0.005357407499104738, 'mae': 0.059548914432525635, 'worst10': 0.019415656104683876}, 'check': {'weighted_mse': 0.006117695476859808, 'mae': 0.06408048421144485, 'worst10': 0.021915985271334648}, 'test': {'weighted_mse': 0.004769600927829742, 'mae': 0.0554625429213047, 'worst10': 0.018857980147004128}, 'selected_arch_matches_frozen': True, 'candidate_order_matches_frozen': True, 'validation_matches_frozen': True, 'check_matches_frozen': True, 'test_matches_frozen': True, 'test_opened_after_timing_and_selection': True}"
True,2,28,c986_h4_k20_bmedium,986,A,medium,4,20,13.532898099976592,12,12,0,998986,True,False,False,False,"{'selected_arch_idx': 0, 'selected_state_sha256': 'c105a90a70b2d4ecae17fd091eb3ec390ec54cfcf2b902c5b06968f9d72d4200', 'validation': {'weighted_mse': 0.0038862053770571947, 'mae': 0.05104820057749748, 'worst10': 0.013578571379184723}, 'check': {'weighted_mse': 0.004515185486525297, 'mae': 0.05486811324954033, 'worst10': 0.015258925035595894}, 'test': {'weighted_mse': 0.003529471578076482, 'mae': 0.04831114411354065, 'worst10': 0.012789973989129066}, 'selected_arch_matches_frozen': True, 'candidate_order_matches_frozen': True, 'validation_matches_frozen': True, 'check_matches_frozen': True, 'test_matches_frozen': True, 'test_opened_after_timing_and_selection': True}"
True,2,29,c987_h1_k10_bmedium,987,C,medium,1,10,11.423294099979103,12,12,6,999354,True,False,False,False,"{'selected_arch_idx': 6, 'selected_state_sha256': '904483eb66a2f6f13ae187643681cca7ef703e5995fea27ff86e31382d53460b', 'validation': {'weighted_mse': 0.010445901192724705, 'mae': 0.08423782885074615, 'worst10': 0.03984137624502182}, 'check': {'weighted_mse': 0.010519267991185188, 'mae': 0.08429381251335144, 'worst10': 0.040576446801424026}, 'test': {'weighted_mse': 0.01145543809980154, 'mae': 0.0884687528014183, 'worst10': 0.042260099202394485}, 'selected_arch_matches_frozen': True, 'candidate_order_matches_frozen': True, 'validation_matches_frozen': True, 'check_matches_frozen': True, 'test_matches_frozen': True, 'test_opened_after_timing_and_selection': True}"
True,2,30,c987_h1_k20_bmedium,987,C,medium,1,20,24.97426919999998,12,12,7,999884,True,False,False,False,"{'selected_arch_idx': 7, 'selected_state_sha256': '61d2e2c54fcc1db239d51447580963e5bae74cf0fa84992010d139e800c5e661', 'validation': {'weighted_mse': 0.010899999178946018, 'mae': 0.0871112048625946, 'worst10': 0.040226131677627563}, 'check': {'weighted_mse': 0.010826020501554012, 'mae': 0.08603918552398682, 'worst10': 0.041695717722177505}, 'test': {'weighted_mse': 0.011884575709700584, 'mae': 0.0902152806520462, 'worst10': 0.04399477317929268}, 'selected_arch_matches_frozen': True, 'candidate_order_matches_frozen': True, 'validation_matches_frozen': True, 'check_matches_frozen': True, 'test_matches_frozen': True, 'test_opened_after_timing_and_selection': True}"
True,2,31,c987_h4_k10_bmedium,987,C,medium,4,10,27.304121399996802,12,12,50,999465,True,False,False,False,"{'selected_arch_idx': 50, 'selected_state_sha256': '9d5bb80db7aac9a195d997b226b49a493f32467ee4f2c8f958da3a0ca31b8bf3', 'validation': {'weighted_mse': 0.016224060207605362, 'mae': 0.10380306094884872, 'worst10': 0.04618345946073532}, 'check': {'weighted_mse': 0.016067298129200935, 'mae': 0.10329640656709671, 'worst10': 0.04847025126218796}, 'test': {'weighted_mse': 0.016155481338500977, 'mae': 0.10287410765886307, 'worst10': 0.04548868536949158}, 'selected_arch_matches_frozen': True, 'candidate_order_matches_frozen': True, 'validation_matches_frozen': True, 'check_matches_frozen': True, 'test_matches_frozen': True, 'test_opened_after_timing_and_selection': True}"
True,2,32,c987_h4_k20_bmedium,987,C,medium,4,20,25.52392469998449,12,12,51,999995,True,False,False,False,"{'selected_arch_idx': 51, 'selected_state_sha256': '81066cf2afd26169f6aae146e4d69ff6e134746f04bb25948fb24b6d26cb9bc6', 'validation': {'weighted_mse': 0.02033994160592556, 'mae': 0.11541855335235596, 'worst10': 0.05764070153236389}, 'check': {'weighted_mse': 0.021222509443759918, 'mae': 0.11805062741041183, 'worst10': 0.0619211308658123}, 'test': {'weighted_mse': 0.020703444257378578, 'mae': 0.11579000949859619, 'worst10': 0.06179293990135193}, 'selected_arch_matches_frozen': True, 'candidate_order_matches_frozen': True, 'validation_matches_frozen': True, 'check_matches_frozen': True, 'test_matches_frozen': True, 'test_opened_after_timing_and_selection': True}"
True,2,33,c988_h1_k10_bloose,988,C,loose,1,10,14.253885399899445,12,12,64,1000363,True,False,False,False,"{'selected_arch_idx': 64, 'selected_state_sha256': '5cffdd7608dbc9dc35da853a1083418b0525579627d70badf76a0877ac735eed', 'validation': {'weighted_mse': 0.010937380604445934, 'mae': 0.08483991026878357, 'worst10': 0.04377659782767296}, 'check': {'weighted_mse': 0.01637667417526245, 'mae': 0.10834882408380508, 'worst10': 0.05377289280295372}, 'test': {'weighted_mse': 0.01607622765004635, 'mae': 0.10736119002103806, 'worst10': 0.05535319074988365}, 'selected_arch_matches_frozen': True, 'candidate_order_matches_frozen': True, 'validation_matches_frozen': True, 'check_matches_frozen': True, 'test_matches_frozen': True, 'test_opened_after_timing_and_selection': True}"
True,2,34,c988_h1_k20_bloose,988,C,loose,1,20,17.710896200034767,12,12,61,1000893,True,False,False,False,"{'selected_arch_idx': 61, 'selected_state_sha256': 'eab911375c646abec47639e785e26a1f83a65dd784f88f000429279e130c9734', 'validation': {'weighted_mse': 0.010687724687159061, 'mae': 0.08510240167379379, 'worst10': 0.041316818445920944}, 'check': {'weighted_mse': 0.011510046198964119, 'mae': 0.089784175157547, 'worst10': 0.04045218974351883}, 'test': {'weighted_mse': 0.011343784630298615, 'mae': 0.08773942291736603, 'worst10': 0.04398147761821747}, 'selected_arch_matches_frozen': True, 'candidate_order_matches_frozen': True, 'validation_matches_frozen': True, 'check_matches_frozen': True, 'test_matches_frozen': True, 'test_opened_after_timing_and_selection': True}"
True,2,35,c988_h4_k10_bloose,988,C,loose,4,10,18.796366299968213,12,12,50,1000474,True,False,False,False,"{'selected_arch_idx': 50, 'selected_state_sha256': 'b7b0b2ce1036b1e194cb7ced9a17f0ca5661ab26b25c49c6f60e1d4c479ffe94', 'validation': {'weighted_mse': 0.018243491649627686, 'mae': 0.10733170062303543, 'worst10': 0.06813028454780579}, 'check': {'weighted_mse': 0.025566978380084038, 'mae': 0.13380558788776398, 'worst10': 0.07823720574378967}, 'test': {'weighted_mse': 0.02726578153669834, 'mae': 0.14111971855163574, 'worst10': 0.0787537470459938}, 'selected_arch_matches_frozen': True, 'candidate_order_matches_frozen': True, 'validation_matches_frozen': True, 'check_matches_frozen': True, 'test_matches_frozen': True, 'test_opened_after_timing_and_selection': True}"
True,2,36,c988_h4_k20_bloose,988,C,loose,4,20,33.348573299939744,12,12,49,1001004,True,False,False,False,"{'selected_arch_idx': 49, 'selected_state_sha256': '2580b6dca23e59110b4b4cbcd8010b55623f970c59b34b329faece09fc4b2496', 'validation': {'weighted_mse': 0.018732285127043724, 'mae': 0.10998373478651047, 'worst10': 0.06302514672279358}, 'check': {'weighted_mse': 0.021576764062047005, 'mae': 0.11781413108110428, 'worst10': 0.07333436608314514}, 'test': {'weighted_mse': 0.02152160182595253, 'mae': 0.11812952905893326, 'worst10': 0.07243135571479797}, 'selected_arch_matches_frozen': True, 'candidate_order_matches_frozen': True, 'validation_matches_frozen': True, 'check_matches_frozen': True, 'test_matches_frozen': True, 'test_opened_after_timing_and_selection': True}"
True,2,37,c989_h1_k10_bmedium,989,B,medium,1,10,10.006278799963184,12,12,12,1001372,True,False,False,False,"{'selected_arch_idx': 12, 'selected_state_sha256': '144ec13c36b71b0263be9171399b5b370588982089740c8d368a530d84806667', 'validation': {'weighted_mse': 0.009137979708611965, 'mae': 0.07978451251983643, 'worst10': 0.03262842446565628}, 'check': {'weighted_mse': 0.008894956670701504, 'mae': 0.0787721648812294, 'worst10': 0.030369196087121964}, 'test': {'weighted_mse': 0.010274212807416916, 'mae': 0.08339985460042953, 'worst10': 0.04007332772016525}, 'selected_arch_matches_frozen': True, 'candidate_order_matches_frozen': True, 'validation_matches_frozen': True, 'check_matches_frozen': True, 'test_matches_frozen': True, 'test_opened_after_timing_and_selection': True}"
True,2,38,c989_h1_k20_bmedium,989,B,medium,1,20,15.035811300040223,12,12,56,1001902,True,False,False,False,"{'selected_arch_idx': 56, 'selected_state_sha256': 'd0465663873539c8dce895e201ac28495692b0d2e9bb9bac26735e479b9a9344', 'validation': {'weighted_mse': 0.00709114782512188, 'mae': 0.06862805783748627, 'worst10': 0.027851251885294914}, 'check': {'weighted_mse': 0.007505776826292276, 'mae': 0.07030671834945679, 'worst10': 0.030209340155124664}, 'test': {'weighted_mse': 0.007727331947535276, 'mae': 0.07288749516010284, 'worst10': 0.030340097844600677}, 'selected_arch_matches_frozen': True, 'candidate_order_matches_frozen': True, 'validation_matches_frozen': True, 'check_matches_frozen': True, 'test_matches_frozen': True, 'test_opened_after_timing_and_selection': True}"
True,2,39,c989_h4_k10_bmedium,989,B,medium,4,10,13.942233299952932,12,12,50,1001483,True,False,False,False,"{'selected_arch_idx': 50, 'selected_state_sha256': '8add5d2544af5fe658ac15520abc2ad542c304c98c317c4db97bb250d428fe2d', 'validation': {'weighted_mse': 0.013228941708803177, 'mae': 0.092693991959095, 'worst10': 0.04716155305504799}, 'check': {'weighted_mse': 0.013467838056385517, 'mae': 0.0921640545129776, 'worst10': 0.051680680364370346}, 'test': {'weighted_mse': 0.0155916977673769, 'mae': 0.09865603595972061, 'worst10': 0.06278223544359207}, 'selected_arch_matches_frozen': True, 'candidate_order_matches_frozen': True, 'validation_matches_frozen': True, 'check_matches_frozen': True, 'test_matches_frozen': True, 'test_opened_after_timing_and_selection': True}"
True,2,40,c989_h4_k20_bmedium,989,B,medium,4,20,17.577637700014748,12,12,28,1002013,True,False,False,False,"{'selected_arch_idx': 28, 'selected_state_sha256': '986de215378a3b9330d3eb56effd6ca20fd8d0e780cdd2df6c4a1a2b8e9d2077', 'validation': {'weighted_mse': 0.015419000759720802, 'mae': 0.09840565919876099, 'worst10': 0.05307032912969589}, 'check': {'weighted_mse': 0.016143569722771645, 'mae': 0.10092812031507492, 'worst10': 0.06006903946399689}, 'test': {'weighted_mse': 0.01701366901397705, 'mae': 0.10385473817586899, 'worst10': 0.06131187826395035}, 'selected_arch_matches_frozen': True, 'candidate_order_matches_frozen': True, 'validation_matches_frozen': True, 'check_matches_frozen': True, 'test_matches_frozen': True, 'test_opened_after_timing_and_selection': True}"
True,2,41,c990_h1_k10_bmedium,990,A,medium,1,10,16.075129100005142,12,12,6,1002381,True,False,False,False,"{'selected_arch_idx': 6, 'selected_state_sha256': '97ef56ff01e759a1423b499209fe8af3c64f3c7575b2d90b10cac71507935a5e', 'validation': {'weighted_mse': 0.0026136261876672506, 'mae': 0.041899267584085464, 'worst10': 0.010251599363982677}, 'check': {'weighted_mse': 0.0037734205834567547, 'mae': 0.04739755764603615, 'worst10': 0.018054772168397903}, 'test': {'weighted_mse': 0.003174028592184186, 'mae': 0.04637351632118225, 'worst10': 0.011768803931772709}, 'selected_arch_matches_frozen': True, 'candidate_order_matches_frozen': True, 'validation_matches_frozen': True, 'check_matches_frozen': True, 'test_matches_frozen': True, 'test_opened_after_timing_and_selection': True}"
True,2,42,c990_h1_k20_bmedium,990,A,medium,1,20,29.918284200015478,12,12,7,1002911,True,False,False,False,"{'selected_arch_idx': 7, 'selected_state_sha256': 'ac500efef60772f52035f78e2dfb213dd71e46262f443adb6558acf6b8d04c54', 'validation': {'weighted_mse': 0.003222923493012786, 'mae': 0.04661349207162857, 'worst10': 0.012199838645756245}, 'check': {'weighted_mse': 0.0044938805513083935, 'mae': 0.05195195972919464, 'worst10': 0.020974665880203247}, 'test': {'weighted_mse': 0.003783778753131628, 'mae': 0.05061072111129761, 'worst10': 0.013796085491776466}, 'selected_arch_matches_frozen': True, 'candidate_order_matches_frozen': True, 'validation_matches_frozen': True, 'check_matches_frozen': True, 'test_matches_frozen': True, 'test_opened_after_timing_and_selection': True}"
True,2,43,c990_h4_k10_bmedium,990,A,medium,4,10,16.53219519997947,12,12,46,1002492,True,False,False,False,"{'selected_arch_idx': 46, 'selected_state_sha256': 'd29bd9e26938f803a4c8c34a0c3a13bff571c4360fe0717060b41b4f3a76a16b', 'validation': {'weighted_mse': 0.004690469708293676, 'mae': 0.05524938926100731, 'worst10': 0.015346255153417587}, 'check': {'weighted_mse': 0.005775380413979292, 'mae': 0.059867922216653824, 'worst10': 0.021411066874861717}, 'test': {'weighted_mse': 0.004841405898332596, 'mae': 0.056367598474025726, 'worst10': 0.015579309314489365}, 'selected_arch_matches_frozen': True, 'candidate_order_matches_frozen': True, 'validation_matches_frozen': True, 'check_matches_frozen': True, 'test_matches_frozen': True, 'test_opened_after_timing_and_selection': True}"
True,2,44,c990_h4_k20_bmedium,990,A,medium,4,20,22.964521900052205,12,12,50,1003022,True,False,False,False,"{'selected_arch_idx': 50, 'selected_state_sha256': 'd5326115b950575a2113c0faf6690dbd10a09c67153dc89e5731a3f55ee7ec8f', 'validation': {'weighted_mse': 0.004762687254697084, 'mae': 0.054672013968229294, 'worst10': 0.017911165952682495}, 'check': {'weighted_mse': 0.005761156789958477, 'mae': 0.059976495802402496, 'worst10': 0.021605513989925385}, 'test': {'weighted_mse': 0.0048149991780519485, 'mae': 0.055692099034786224, 'worst10': 0.016258850693702698}, 'selected_arch_matches_frozen': True, 'candidate_order_matches_frozen': True, 'validation_matches_frozen': True, 'check_matches_frozen': True, 'test_matches_frozen': True, 'test_opened_after_timing_and_selection': True}"
True,2,45,c991_h1_k10_bmedium,991,B,medium,1,10,24.72808329993859,12,12,63,1003390,True,False,False,False,"{'selected_arch_idx': 63, 'selected_state_sha256': '9a905dee8dda466827e3c8113aa44a2081579d04e27c04bbe063454c5356f397', 'validation': {'weighted_mse': 0.004920825362205505, 'mae': 0.05604341998696327, 'worst10': 0.020578181371092796}, 'check': {'weighted_mse': 0.0051620714366436005, 'mae': 0.057413868606090546, 'worst10': 0.020881034433841705}, 'test': {'weighted_mse': 0.005536715500056744, 'mae': 0.05908793956041336, 'worst10': 0.023518560454249382}, 'selected_arch_matches_frozen': True, 'candidate_order_matches_frozen': True, 'validation_matches_frozen': True, 'check_matches_frozen': True, 'test_matches_frozen': True, 'test_opened_after_timing_and_selection': True}"
True,2,46,c991_h1_k20_bmedium,991,B,medium,1,20,22.492879999917932,12,12,54,1003920,True,False,False,False,"{'selected_arch_idx': 54, 'selected_state_sha256': '7f14fb3259070f619ff3d7680212706fc1f350bbd577fc855825630da890d434', 'validation': {'weighted_mse': 0.007180613931268454, 'mae': 0.06749306619167328, 'worst10': 0.03265930712223053}, 'check': {'weighted_mse': 0.006144266575574875, 'mae': 0.06316642463207245, 'worst10': 0.02489011362195015}, 'test': {'weighted_mse': 0.007833254523575306, 'mae': 0.07133214175701141, 'worst10': 0.03253408893942833}, 'selected_arch_matches_frozen': True, 'candidate_order_matches_frozen': True, 'validation_matches_frozen': True, 'check_matches_frozen': True, 'test_matches_frozen': True, 'test_opened_after_timing_and_selection': True}"
True,2,47,c991_h4_k10_bmedium,991,B,medium,4,10,18.271428500069305,12,12,49,1003501,True,False,False,False,"{'selected_arch_idx': 49, 'selected_state_sha256': 'd6e5936e4959e76c3b30bae7d346be7258ce6e733e399e627e7b44c2cb62155b', 'validation': {'weighted_mse': 0.01000955980271101, 'mae': 0.07973621785640717, 'worst10': 0.03518548980355263}, 'check': {'weighted_mse': 0.009991754777729511, 'mae': 0.08130413293838501, 'worst10': 0.03308654576539993}, 'test': {'weighted_mse': 0.009672091342508793, 'mae': 0.0793038085103035, 'worst10': 0.03297814354300499}, 'selected_arch_matches_frozen': True, 'candidate_order_matches_frozen': True, 'validation_matches_frozen': True, 'check_matches_frozen': True, 'test_matches_frozen': True, 'test_opened_after_timing_and_selection': True}"
True,2,48,c991_h4_k20_bmedium,991,B,medium,4,20,26.134135599946603,12,12,63,1004031,True,False,False,False,"{'selected_arch_idx': 63, 'selected_state_sha256': '4122c297db373081ebd3a230c16c33d077e89b79ea168006c405eeb379b46558', 'validation': {'weighted_mse': 0.0073281037621200085, 'mae': 0.06891153752803802, 'worst10': 0.02547110617160797}, 'check': {'weighted_mse': 0.005952842067927122, 'mae': 0.0630059614777565, 'worst10': 0.016394177451729774}, 'test': {'weighted_mse': 0.006591455079615116, 'mae': 0.06541987508535385, 'worst10': 0.02150159887969494}, 'selected_arch_matches_frozen': True, 'candidate_order_matches_frozen': True, 'validation_matches_frozen': True, 'check_matches_frozen': True, 'test_matches_frozen': True, 'test_opened_after_timing_and_selection': True}"
True,2,49,c992_h1_k10_bmedium,992,B,medium,1,10,17.844707499956712,12,12,63,1004399,True,False,False,False,"{'selected_arch_idx': 63, 'selected_state_sha256': 'f8ff0a854ee517d6d26e124edd6814fd64537dca8c8050010a641e48dad78710', 'validation': {'weighted_mse': 0.007571631111204624, 'mae': 0.07005783170461655, 'worst10': 0.03250102326273918}, 'check': {'weighted_mse': 0.008225473575294018, 'mae': 0.07422095537185669, 'worst10': 0.032642919570207596}, 'test': {'weighted_mse': 0.007407461293041706, 'mae': 0.06927899271249771, 'worst10': 0.03034668229520321}, 'selected_arch_matches_frozen': True, 'candidate_order_matches_frozen': True, 'validation_matches_frozen': True, 'check_matches_frozen': True, 'test_matches_frozen': True, 'test_opened_after_timing_and_selection': True}"
True,2,50,c992_h1_k20_bmedium,992,B,medium,1,20,10.394925900036469,12,12,36,1004929,True,False,False,False,"{'selected_arch_idx': 36, 'selected_state_sha256': 'bdc3fc88065765913f42fe6ac7b6fd2ab7312e970f0410f2cf52faadedaa0957', 'validation': {'weighted_mse': 0.009845070540904999, 'mae': 0.07844219356775284, 'worst10': 0.045750077813863754}, 'check': {'weighted_mse': 0.00983795989304781, 'mae': 0.08052664250135422, 'worst10': 0.0404641255736351}, 'test': {'weighted_mse': 0.009358743205666542, 'mae': 0.07843078672885895, 'worst10': 0.03938401862978935}, 'selected_arch_matches_frozen': True, 'candidate_order_matches_frozen': True, 'validation_matches_frozen': True, 'check_matches_frozen': True, 'test_matches_frozen': True, 'test_opened_after_timing_and_selection': True}"
True,2,51,c992_h4_k10_bmedium,992,B,medium,4,10,7.34969619999174,12,12,0,1004510,True,False,False,False,"{'selected_arch_idx': 0, 'selected_state_sha256': 'c2578b76bc3ba9500ac17575ebfc5154d2edefb03216de212d53583d1662c46d', 'validation': {'weighted_mse': 0.012121659703552723, 'mae': 0.09041699767112732, 'worst10': 0.04230736196041107}, 'check': {'weighted_mse': 0.011877643875777721, 'mae': 0.0916738510131836, 'worst10': 0.03633797541260719}, 'test': {'weighted_mse': 0.011763551272451878, 'mae': 0.08865921199321747, 'worst10': 0.03959460183978081}, 'selected_arch_matches_frozen': True, 'candidate_order_matches_frozen': True, 'validation_matches_frozen': True, 'check_matches_frozen': True, 'test_matches_frozen': True, 'test_opened_after_timing_and_selection': True}"
True,2,52,c992_h4_k20_bmedium,992,B,medium,4,20,15.423484100028872,12,12,46,1005040,True,False,False,False,"{'selected_arch_idx': 46, 'selected_state_sha256': 'aba4d84e996f3f90f3d5c4a791bbc73ef425fcba3a0eeb8c4b1df3821b993f09', 'validation': {'weighted_mse': 0.011385784484446049, 'mae': 0.08576143532991409, 'worst10': 0.03984517976641655}, 'check': {'weighted_mse': 0.011419042944908142, 'mae': 0.08618226647377014, 'worst10': 0.038876861333847046}, 'test': {'weighted_mse': 0.010834725573658943, 'mae': 0.08402623981237411, 'worst10': 0.03709247335791588}, 'selected_arch_matches_frozen': True, 'candidate_order_matches_frozen': True, 'validation_matches_frozen': True, 'check_matches_frozen': True, 'test_matches_frozen': True, 'test_opened_after_timing_and_selection': True}"
True,2,53,c993_h1_k10_bmedium,993,B,medium,1,10,12.276008300017565,12,12,28,1005408,True,False,False,False,"{'selected_arch_idx': 28, 'selected_state_sha256': '5f20f67d809b922f10500335c6bcef2f29ce658725f75797d896d82ca5794a3d', 'validation': {'weighted_mse': 0.014810798689723015, 'mae': 0.09856339544057846, 'worst10': 0.06096172332763672}, 'check': {'weighted_mse': 0.025259094312787056, 'mae': 0.13748782873153687, 'worst10': 0.08275137841701508}, 'test': {'weighted_mse': 0.024728696793317795, 'mae': 0.13681858777999878, 'worst10': 0.0768919363617897}, 'selected_arch_matches_frozen': True, 'candidate_order_matches_frozen': True, 'validation_matches_frozen': True, 'check_matches_frozen': True, 'test_matches_frozen': True, 'test_opened_after_timing_and_selection': True}"
True,2,54,c993_h1_k20_bmedium,993,B,medium,1,20,16.15328790002968,12,12,28,1005938,True,False,False,False,"{'selected_arch_idx': 28, 'selected_state_sha256': 'b2954b7215b1b814882fee8961b9ff82b732e80ddd8adeb8c80f96ada60509ca', 'validation': {'weighted_mse': 0.008812413550913334, 'mae': 0.07366384565830231, 'worst10': 0.040882740169763565}, 'check': {'weighted_mse': 0.014810619875788689, 'mae': 0.0998162105679512, 'worst10': 0.05865135416388512}, 'test': {'weighted_mse': 0.014039785601198673, 'mae': 0.09828213602304459, 'worst10': 0.05232931300997734}, 'selected_arch_matches_frozen': True, 'candidate_order_matches_frozen': True, 'validation_matches_frozen': True, 'check_matches_frozen': True, 'test_matches_frozen': True, 'test_opened_after_timing_and_selection': True}"
True,2,55,c993_h4_k10_bmedium,993,B,medium,4,10,20.3386266999878,12,12,35,1005519,True,False,False,False,"{'selected_arch_idx': 35, 'selected_state_sha256': '01ac6f9f6fdbe8742abb5a473f2c4868062d7f7bcb8fddea226d9f6d3c05942c', 'validation': {'weighted_mse': 0.0269340630620718, 'mae': 0.13340416550636292, 'worst10': 0.09235720336437225}, 'check': {'weighted_mse': 0.04551658406853676, 'mae': 0.18698588013648987, 'worst10': 0.12426644563674927}, 'test': {'weighted_mse': 0.0419851690530777, 'mae': 0.17898282408714294, 'worst10': 0.11264382302761078}, 'selected_arch_matches_frozen': True, 'candidate_order_matches_frozen': True, 'validation_matches_frozen': True, 'check_matches_frozen': True, 'test_matches_frozen': True, 'test_opened_after_timing_and_selection': True}"
True,2,56,c993_h4_k20_bmedium,993,B,medium,4,20,17.367535799974576,12,12,28,1006049,True,False,False,False,"{'selected_arch_idx': 28, 'selected_state_sha256': '02a9aa44950026eb0c6a55a6c24b8810a26714618445761fbddc11b407aaab5b', 'validation': {'weighted_mse': 0.015557759441435337, 'mae': 0.09983691573143005, 'worst10': 0.05307277664542198}, 'check': {'weighted_mse': 0.029205765575170517, 'mae': 0.14525945484638214, 'worst10': 0.08308745920658112}, 'test': {'weighted_mse': 0.0277189202606678, 'mae': 0.1417941004037857, 'worst10': 0.07505875825881958}, 'selected_arch_matches_frozen': True, 'candidate_order_matches_frozen': True, 'validation_matches_frozen': True, 'check_matches_frozen': True, 'test_matches_frozen': True, 'test_opened_after_timing_and_selection': True}"
True,2,57,c994_h1_k10_btight,994,A,tight,1,10,19.000465099932626,12,12,57,1006417,True,False,False,False,"{'selected_arch_idx': 57, 'selected_state_sha256': 'c2f010f9902d934c592c813e01c2db30b3207c4ea7d751511891064e9fb9357a', 'validation': {'weighted_mse': 0.002022841013967991, 'mae': 0.03671196475625038, 'worst10': 0.008423340506851673}, 'check': {'weighted_mse': 0.0019577399361878633, 'mae': 0.03551102429628372, 'worst10': 0.008802879601716995}, 'test': {'weighted_mse': 0.0030900954734534025, 'mae': 0.04227396473288536, 'worst10': 0.016446314752101898}, 'selected_arch_matches_frozen': True, 'candidate_order_matches_frozen': True, 'validation_matches_frozen': True, 'check_matches_frozen': True, 'test_matches_frozen': True, 'test_opened_after_timing_and_selection': True}"
True,2,58,c994_h1_k20_btight,994,A,tight,1,20,17.590301399934106,12,12,24,1006947,True,False,False,False,"{'selected_arch_idx': 24, 'selected_state_sha256': '67a2ac9958560504d7390c5a669329f053a1747a2a79e0cd0fb344174ecaec30', 'validation': {'weighted_mse': 0.0026236192788928747, 'mae': 0.04164663329720497, 'worst10': 0.011175856925547123}, 'check': {'weighted_mse': 0.002667544176802039, 'mae': 0.041494205594062805, 'worst10': 0.011116301640868187}, 'test': {'weighted_mse': 0.003601263277232647, 'mae': 0.046170104295015335, 'worst10': 0.019186919555068016}, 'selected_arch_matches_frozen': True, 'candidate_order_matches_frozen': True, 'validation_matches_frozen': True, 'check_matches_frozen': True, 'test_matches_frozen': True, 'test_opened_after_timing_and_selection': True}"
True,2,59,c994_h4_k10_btight,994,A,tight,4,10,21.893663399969228,12,12,47,1006528,True,False,False,False,"{'selected_arch_idx': 47, 'selected_state_sha256': 'f58a0f3759dd797cf29646b255cb9b39febf55fdc7ae6586def9176a72c2e4f7', 'validation': {'weighted_mse': 0.004887246992439032, 'mae': 0.05642808973789215, 'worst10': 0.014578483067452908}, 'check': {'weighted_mse': 0.004603634122759104, 'mae': 0.05460026487708092, 'worst10': 0.013689788989722729}, 'test': {'weighted_mse': 0.006049420218914747, 'mae': 0.060836926102638245, 'worst10': 0.024293240159749985}, 'selected_arch_matches_frozen': True, 'candidate_order_matches_frozen': True, 'validation_matches_frozen': True, 'check_matches_frozen': True, 'test_matches_frozen': True, 'test_opened_after_timing_and_selection': True}"
True,2,60,c994_h4_k20_btight,994,A,tight,4,20,14.494597799959593,12,12,46,1007058,True,False,False,False,"{'selected_arch_idx': 46, 'selected_state_sha256': 'c22eeb42a61f18c57d7a8d8fb286615d7e8663028017d47866a4b870f86a8aee', 'validation': {'weighted_mse': 0.004035578109323978, 'mae': 0.05157199129462242, 'worst10': 0.012131947092711926}, 'check': {'weighted_mse': 0.003998407628387213, 'mae': 0.05133969709277153, 'worst10': 0.012226729653775692}, 'test': {'weighted_mse': 0.005005254410207272, 'mae': 0.055475011467933655, 'worst10': 0.021016636863350868}, 'selected_arch_matches_frozen': True, 'candidate_order_matches_frozen': True, 'validation_matches_frozen': True, 'check_matches_frozen': True, 'test_matches_frozen': True, 'test_opened_after_timing_and_selection': True}"
True,2,61,c995_h1_k10_bmedium,995,C,medium,1,10,13.204471500008367,12,12,63,1007426,True,False,False,False,"{'selected_arch_idx': 63, 'selected_state_sha256': '23d98a5ed0844d956d4d3291371cfe11e696e530f047fc5f96cccea85180c098', 'validation': {'weighted_mse': 0.01384540181607008, 'mae': 0.09297115355730057, 'worst10': 0.062378890812397}, 'check': {'weighted_mse': 0.011006766930222511, 'mae': 0.0832577720284462, 'worst10': 0.04631196707487106}, 'test': {'weighted_mse': 0.013651633635163307, 'mae': 0.09098321944475174, 'worst10': 0.06445392966270447}, 'selected_arch_matches_frozen': True, 'candidate_order_matches_frozen': True, 'validation_matches_frozen': True, 'check_matches_frozen': True, 'test_matches_frozen': True, 'test_opened_after_timing_and_selection': True}"
True,2,62,c995_h1_k20_bmedium,995,C,medium,1,20,21.71181979996618,12,12,58,1007956,True,False,False,False,"{'selected_arch_idx': 58, 'selected_state_sha256': '19f6c8f96019b828b4f4d0c3c4ed206b259473d2088e46e9953c04c1efe0eaf1', 'validation': {'weighted_mse': 0.010263429954648018, 'mae': 0.08163443952798843, 'worst10': 0.04483291134238243}, 'check': {'weighted_mse': 0.00943952426314354, 'mae': 0.07898186147212982, 'worst10': 0.03786839172244072}, 'test': {'weighted_mse': 0.011103738099336624, 'mae': 0.0840843990445137, 'worst10': 0.04881973937153816}, 'selected_arch_matches_frozen': True, 'candidate_order_matches_frozen': True, 'validation_matches_frozen': True, 'check_matches_frozen': True, 'test_matches_frozen': True, 'test_opened_after_timing_and_selection': True}"
True,2,63,c995_h4_k10_bmedium,995,C,medium,4,10,16.737883399939165,12,12,49,1007537,True,False,False,False,"{'selected_arch_idx': 49, 'selected_state_sha256': '6a0f5c0014b306963923c4c0993868f1b31ff5362cee56cbda0d643a24063574', 'validation': {'weighted_mse': 0.027217213064432144, 'mae': 0.13076160848140717, 'worst10': 0.08804930746555328}, 'check': {'weighted_mse': 0.022219227626919746, 'mae': 0.11866109818220139, 'worst10': 0.06690917164087296}, 'test': {'weighted_mse': 0.029801009222865105, 'mae': 0.13614998757839203, 'worst10': 0.0945732519030571}, 'selected_arch_matches_frozen': True, 'candidate_order_matches_frozen': True, 'validation_matches_frozen': True, 'check_matches_frozen': True, 'test_matches_frozen': True, 'test_opened_after_timing_and_selection': True}"
True,2,64,c995_h4_k20_bmedium,995,C,medium,4,20,17.626807800028473,12,12,0,1008067,True,False,False,False,"{'selected_arch_idx': 0, 'selected_state_sha256': '5972943af344e547f777b352345765670a3ea3485a6d741f556c2808a8861ca5', 'validation': {'weighted_mse': 0.014211421832442284, 'mae': 0.09459199756383896, 'worst10': 0.05868247523903847}, 'check': {'weighted_mse': 0.010746625252068043, 'mae': 0.08505360037088394, 'worst10': 0.03428357467055321}, 'test': {'weighted_mse': 0.015493392944335938, 'mae': 0.09931199252605438, 'worst10': 0.05834776908159256}, 'selected_arch_matches_frozen': True, 'candidate_order_matches_frozen': True, 'validation_matches_frozen': True, 'check_matches_frozen': True, 'test_matches_frozen': True, 'test_opened_after_timing_and_selection': True}"
True,2,65,c996_h1_k10_btight,996,A,tight,1,10,13.450970600009896,12,12,35,1008435,True,False,False,False,"{'selected_arch_idx': 35, 'selected_state_sha256': 'a9157448cb77300f046207cd7d261d44bfe111baa9990ec93bf340bb168f2595', 'validation': {'weighted_mse': 0.0055505759082734585, 'mae': 0.060513950884342194, 'worst10': 0.02310858480632305}, 'check': {'weighted_mse': 0.004394100978970528, 'mae': 0.05272209271788597, 'worst10': 0.019276181235909462}, 'test': {'weighted_mse': 0.004919011145830154, 'mae': 0.056781165301799774, 'worst10': 0.02037489414215088}, 'selected_arch_matches_frozen': True, 'candidate_order_matches_frozen': True, 'validation_matches_frozen': True, 'check_matches_frozen': True, 'test_matches_frozen': True, 'test_opened_after_timing_and_selection': True}"
True,2,66,c996_h1_k20_btight,996,A,tight,1,20,13.225378099945374,12,12,45,1008965,True,False,False,False,"{'selected_arch_idx': 45, 'selected_state_sha256': '928425993cae9b68ecbcf95e3cd13e3f0856f6e8416f3334aa5fe676179c217c', 'validation': {'weighted_mse': 0.004494486842304468, 'mae': 0.05194947496056557, 'worst10': 0.022166790440678596}, 'check': {'weighted_mse': 0.004908734932541847, 'mae': 0.05380934476852417, 'worst10': 0.02518358826637268}, 'test': {'weighted_mse': 0.0037950705736875534, 'mae': 0.048635002225637436, 'worst10': 0.0185744259506464}, 'selected_arch_matches_frozen': True, 'candidate_order_matches_frozen': True, 'validation_matches_frozen': True, 'check_matches_frozen': True, 'test_matches_frozen': True, 'test_opened_after_timing_and_selection': True}"
True,2,67,c996_h4_k10_btight,996,A,tight,4,10,10.648669400019571,12,12,20,1008546,True,False,False,False,"{'selected_arch_idx': 20, 'selected_state_sha256': '0c4b40725a42710e88097c557c86125effd164bf7f541bda5ab2fb68d7349aed', 'validation': {'weighted_mse': 0.014891956932842731, 'mae': 0.09987147152423859, 'worst10': 0.05145053565502167}, 'check': {'weighted_mse': 0.015375161543488503, 'mae': 0.10356658697128296, 'worst10': 0.046902842819690704}, 'test': {'weighted_mse': 0.013493528589606285, 'mae': 0.09594780206680298, 'worst10': 0.04330555722117424}, 'selected_arch_matches_frozen': True, 'candidate_order_matches_frozen': True, 'validation_matches_frozen': True, 'check_matches_frozen': True, 'test_matches_frozen': True, 'test_opened_after_timing_and_selection': True}"
True,2,68,c996_h4_k20_btight,996,A,tight,4,20,19.816261500003748,12,12,46,1009076,True,False,False,False,"{'selected_arch_idx': 46, 'selected_state_sha256': 'c39d13d11fb19fb9a5662f303dd049a8ae316a3393eb24e59b4366401d340ba8', 'validation': {'weighted_mse': 0.006884565576910973, 'mae': 0.0665406659245491, 'worst10': 0.02470390498638153}, 'check': {'weighted_mse': 0.006791303865611553, 'mae': 0.06745918095111847, 'worst10': 0.02287440001964569}, 'test': {'weighted_mse': 0.005997930187731981, 'mae': 0.06302496790885925, 'worst10': 0.019697558134794235}, 'selected_arch_matches_frozen': True, 'candidate_order_matches_frozen': True, 'validation_matches_frozen': True, 'check_matches_frozen': True, 'test_matches_frozen': True, 'test_opened_after_timing_and_selection': True}"
True,2,69,c997_h1_k10_bmedium,997,B,medium,1,10,11.54580600000918,12,12,45,1009444,True,False,False,False,"{'selected_arch_idx': 45, 'selected_state_sha256': '563a8125bc147c7f233deabd37742e01c9faebf2dbde986004b4362dbb1829df', 'validation': {'weighted_mse': 0.010849375277757645, 'mae': 0.08272192627191544, 'worst10': 0.04942438378930092}, 'check': {'weighted_mse': 0.014496343210339546, 'mae': 0.0957484021782875, 'worst10': 0.06289894878864288}, 'test': {'weighted_mse': 0.013338168151676655, 'mae': 0.091421939432621, 'worst10': 0.05961259454488754}, 'selected_arch_matches_frozen': True, 'candidate_order_matches_frozen': True, 'validation_matches_frozen': True, 'check_matches_frozen': True, 'test_matches_frozen': True, 'test_opened_after_timing_and_selection': True}"
True,2,70,c997_h1_k20_bmedium,997,B,medium,1,20,16.97009810002055,12,12,49,1009974,True,False,False,False,"{'selected_arch_idx': 49, 'selected_state_sha256': '934224c9a2ee47d725935c78c4a00d9a96e2dc571788c36575f2261d13caabb6', 'validation': {'weighted_mse': 0.008955627679824829, 'mae': 0.07494726777076721, 'worst10': 0.04033973440527916}, 'check': {'weighted_mse': 0.013339681550860405, 'mae': 0.09515722095966339, 'worst10': 0.05363968759775162}, 'test': {'weighted_mse': 0.01379714347422123, 'mae': 0.094963937997818, 'worst10': 0.06074513867497444}, 'selected_arch_matches_frozen': True, 'candidate_order_matches_frozen': True, 'validation_matches_frozen': True, 'check_matches_frozen': True, 'test_matches_frozen': True, 'test_opened_after_timing_and_selection': True}"
True,2,71,c997_h4_k10_bmedium,997,B,medium,4,10,17.436970499926247,12,12,0,1009555,True,False,False,False,"{'selected_arch_idx': 0, 'selected_state_sha256': 'efc1ed5361f2da003682cdbae2379da3fcdef4bd5c9c70803dc8e8c6e72d6f87', 'validation': {'weighted_mse': 0.011665815487504005, 'mae': 0.08681383728981018, 'worst10': 0.04191111400723457}, 'check': {'weighted_mse': 0.015188357792794704, 'mae': 0.10447622090578079, 'worst10': 0.04426812008023262}, 'test': {'weighted_mse': 0.015161997638642788, 'mae': 0.10270988196134567, 'worst10': 0.05290333554148674}, 'selected_arch_matches_frozen': True, 'candidate_order_matches_frozen': True, 'validation_matches_frozen': True, 'check_matches_frozen': True, 'test_matches_frozen': True, 'test_opened_after_timing_and_selection': True}"
True,2,72,c997_h4_k20_bmedium,997,B,medium,4,20,27.868881199974567,12,12,51,1010085,True,False,False,False,"{'selected_arch_idx': 51, 'selected_state_sha256': '1ed81b76e0c8cb817a41029cc7b3583d707434e86f909f04c2fb4990d77116f3', 'validation': {'weighted_mse': 0.013473478145897388, 'mae': 0.09218288958072662, 'worst10': 0.0446309894323349}, 'check': {'weighted_mse': 0.01640578731894493, 'mae': 0.10470359027385712, 'worst10': 0.05083105340600014}, 'test': {'weighted_mse': 0.015978999435901642, 'mae': 0.10233420133590698, 'worst10': 0.0507197380065918}, 'selected_arch_matches_frozen': True, 'candidate_order_matches_frozen': True, 'validation_matches_frozen': True, 'check_matches_frozen': True, 'test_matches_frozen': True, 'test_opened_after_timing_and_selection': True}"
True,2,73,c998_h1_k10_bmedium,998,C,medium,1,10,21.32602500007488,12,12,58,1010453,True,False,False,False,"{'selected_arch_idx': 58, 'selected_state_sha256': '44aec3106979b0e38793c4a7d1864b786646969c79a85b88a062c65a9ca6cb83', 'validation': {'weighted_mse': 0.008911209180951118, 'mae': 0.07599161565303802, 'worst10': 0.03787902370095253}, 'check': {'weighted_mse': 0.008910427801311016, 'mae': 0.07471626251935959, 'worst10': 0.040807001292705536}, 'test': {'weighted_mse': 0.011134320870041847, 'mae': 0.08579473197460175, 'worst10': 0.04583163559436798}, 'selected_arch_matches_frozen': True, 'candidate_order_matches_frozen': True, 'validation_matches_frozen': True, 'check_matches_frozen': True, 'test_matches_frozen': True, 'test_opened_after_timing_and_selection': True}"
True,2,74,c998_h1_k20_bmedium,998,C,medium,1,20,13.36346419993788,12,12,51,1010983,True,False,False,False,"{'selected_arch_idx': 51, 'selected_state_sha256': 'f5efcb0459fcbb89eb478555aa92a1041547e8ec3f65139aa64428d6cd627b1c', 'validation': {'weighted_mse': 0.009849806316196918, 'mae': 0.08040701597929001, 'worst10': 0.04124651849269867}, 'check': {'weighted_mse': 0.009092244319617748, 'mae': 0.07643461972475052, 'worst10': 0.03867315500974655}, 'test': {'weighted_mse': 0.01041762437671423, 'mae': 0.0824083685874939, 'worst10': 0.04430052638053894}, 'selected_arch_matches_frozen': True, 'candidate_order_matches_frozen': True, 'validation_matches_frozen': True, 'check_matches_frozen': True, 'test_matches_frozen': True, 'test_opened_after_timing_and_selection': True}"
True,2,75,c998_h4_k10_bmedium,998,C,medium,4,10,11.802534400019795,12,12,6,1010564,True,False,False,False,"{'selected_arch_idx': 6, 'selected_state_sha256': 'ced451658f71281f87dc5e0c1ee8dbb93813d02d2fe534cce5635c70647ef0dd', 'validation': {'weighted_mse': 0.023622868582606316, 'mae': 0.1277722269296646, 'worst10': 0.06574085354804993}, 'check': {'weighted_mse': 0.015170225873589516, 'mae': 0.09920381754636765, 'worst10': 0.0468873493373394}, 'test': {'weighted_mse': 0.014713495038449764, 'mae': 0.09751308709383011, 'worst10': 0.046224117279052734}, 'selected_arch_matches_frozen': True, 'candidate_order_matches_frozen': True, 'validation_matches_frozen': True, 'check_matches_frozen': True, 'test_matches_frozen': True, 'test_opened_after_timing_and_selection': True}"
True,2,76,c998_h4_k20_bmedium,998,C,medium,4,20,19.013205699971877,12,12,36,1011094,True,False,False,False,"{'selected_arch_idx': 36, 'selected_state_sha256': '4020c6892a26cd46696cc3891bdd8266b9d3a8dc03c7e595262a6db6128c6549', 'validation': {'weighted_mse': 0.02797328308224678, 'mae': 0.13745057582855225, 'worst10': 0.08072157949209213}, 'check': {'weighted_mse': 0.018819643184542656, 'mae': 0.11028851568698883, 'worst10': 0.05858305096626282}, 'test': {'weighted_mse': 0.01944938488304615, 'mae': 0.11150108277797699, 'worst10': 0.06507585942745209}, 'selected_arch_matches_frozen': True, 'candidate_order_matches_frozen': True, 'validation_matches_frozen': True, 'check_matches_frozen': True, 'test_matches_frozen': True, 'test_opened_after_timing_and_selection': True}"
True,2,77,c999_h1_k10_btight,999,C,tight,1,10,17.411780199967325,12,12,56,1011462,True,False,False,False,"{'selected_arch_idx': 56, 'selected_state_sha256': 'd70081c752d131481a446e026cba1c28f2518ef19c8e2db621d77ef6cc1745db', 'validation': {'weighted_mse': 0.010534186847507954, 'mae': 0.08261659741401672, 'worst10': 0.043687209486961365}, 'check': {'weighted_mse': 0.010296707041561604, 'mae': 0.08269042521715164, 'worst10': 0.040279094129800797}, 'test': {'weighted_mse': 0.01500470656901598, 'mae': 0.10097992420196533, 'worst10': 0.06026233360171318}, 'selected_arch_matches_frozen': True, 'candidate_order_matches_frozen': True, 'validation_matches_frozen': True, 'check_matches_frozen': True, 'test_matches_frozen': True, 'test_opened_after_timing_and_selection': True}"
True,2,78,c999_h1_k20_btight,999,C,tight,1,20,14.719890900072642,12,12,42,1011992,True,False,False,False,"{'selected_arch_idx': 42, 'selected_state_sha256': '8fc64f77db2db9a718655352eed2e04c71090534985968905e07ef823cb5bf06', 'validation': {'weighted_mse': 0.012758470140397549, 'mae': 0.09187974780797958, 'worst10': 0.05252831056714058}, 'check': {'weighted_mse': 0.011486083269119263, 'mae': 0.08865741640329361, 'worst10': 0.04304847866296768}, 'test': {'weighted_mse': 0.024061398580670357, 'mae': 0.12993186712265015, 'worst10': 0.08859390020370483}, 'selected_arch_matches_frozen': True, 'candidate_order_matches_frozen': True, 'validation_matches_frozen': True, 'check_matches_frozen': True, 'test_matches_frozen': True, 'test_opened_after_timing_and_selection': True}"
True,2,79,c999_h4_k10_btight,999,C,tight,4,10,13.689503700006753,12,12,55,1011573,True,False,False,False,"{'selected_arch_idx': 55, 'selected_state_sha256': '3bc2ed27c81bdafe22a97717e14a7a91f9828547bdd84578adc8eafb17921524', 'validation': {'weighted_mse': 0.019089121371507645, 'mae': 0.11057241261005402, 'worst10': 0.06650161743164062}, 'check': {'weighted_mse': 0.018980907276272774, 'mae': 0.11098302155733109, 'worst10': 0.061283085495233536}, 'test': {'weighted_mse': 0.03178783506155014, 'mae': 0.1504155397415161, 'worst10': 0.09332620352506638}, 'selected_arch_matches_frozen': True, 'candidate_order_matches_frozen': True, 'validation_matches_frozen': True, 'check_matches_frozen': True, 'test_matches_frozen': True, 'test_opened_after_timing_and_selection': True}"
True,2,80,c999_h4_k20_btight,999,C,tight,4,20,18.769033099990338,12,12,55,1012103,True,False,False,False,"{'selected_arch_idx': 55, 'selected_state_sha256': '5a4ec33179a84d03bf627891bcc19dc250b3ee39749ce4cfcaed263df80d8d2d', 'validation': {'weighted_mse': 0.016513187438249588, 'mae': 0.10330186784267426, 'worst10': 0.05260549858212471}, 'check': {'weighted_mse': 0.015568943694233894, 'mae': 0.09919591248035431, 'worst10': 0.04835611209273338}, 'test': {'weighted_mse': 0.02338486723601818, 'mae': 0.12552277743816376, 'worst10': 0.07195121794939041}, 'selected_arch_matches_frozen': True, 'candidate_order_matches_frozen': True, 'validation_matches_frozen': True, 'check_matches_frozen': True, 'test_matches_frozen': True, 'test_opened_after_timing_and_selection': True}"
True,3,1,c980_h1_k10_bloose,980,A,loose,1,10,15.098800299922004,12,12,30,992291,True,False,False,False,"{'selected_arch_idx': 30, 'selected_state_sha256': 'db4bfd3a4d8e44b6a067c38483a3383b350f2b56ee132c830e2300abc38fb44a', 'validation': {'weighted_mse': 0.0030615217983722687, 'mae': 0.04507574811577797, 'worst10': 0.01253217738121748}, 'check': {'weighted_mse': 0.0033360086381435394, 'mae': 0.04728008434176445, 'worst10': 0.013575254008173943}, 'test': {'weighted_mse': 0.002963755512610078, 'mae': 0.042932119220495224, 'worst10': 0.013358625583350658}, 'selected_arch_matches_frozen': True, 'candidate_order_matches_frozen': True, 'validation_matches_frozen': True, 'check_matches_frozen': True, 'test_matches_frozen': True, 'test_opened_after_timing_and_selection': True}"
True,3,2,c980_h1_k20_bloose,980,A,loose,1,20,13.878878699964844,12,12,23,992821,True,False,False,False,"{'selected_arch_idx': 23, 'selected_state_sha256': '634e4c787b420ed5a596296c79a6f79c8f45f0d719200eb786d2ddd1cb8db64e', 'validation': {'weighted_mse': 0.0038291628006845713, 'mae': 0.04990711063146591, 'worst10': 0.01572558470070362}, 'check': {'weighted_mse': 0.004340082406997681, 'mae': 0.05364573374390602, 'worst10': 0.01746532693505287}, 'test': {'weighted_mse': 0.0034944869112223387, 'mae': 0.047907426953315735, 'worst10': 0.014578094705939293}, 'selected_arch_matches_frozen': True, 'candidate_order_matches_frozen': True, 'validation_matches_frozen': True, 'check_matches_frozen': True, 'test_matches_frozen': True, 'test_opened_after_timing_and_selection': True}"
True,3,3,c980_h4_k10_bloose,980,A,loose,4,10,14.230483400053345,12,12,2,992402,True,False,False,False,"{'selected_arch_idx': 2, 'selected_state_sha256': 'e6f82b80de86579170123c65e83e6d4bd20f25db008c0f7808e906f6c1863801', 'validation': {'weighted_mse': 0.004976664669811726, 'mae': 0.058512717485427856, 'worst10': 0.016165805980563164}, 'check': {'weighted_mse': 0.005880947224795818, 'mae': 0.06391147524118423, 'worst10': 0.01824036054313183}, 'test': {'weighted_mse': 0.004766291473060846, 'mae': 0.05693446844816208, 'worst10': 0.016269374638795853}, 'selected_arch_matches_frozen': True, 'candidate_order_matches_frozen': True, 'validation_matches_frozen': True, 'check_matches_frozen': True, 'test_matches_frozen': True, 'test_opened_after_timing_and_selection': True}"
True,3,4,c980_h4_k20_bloose,980,A,loose,4,20,16.27428329992108,12,12,8,992932,True,False,False,False,"{'selected_arch_idx': 8, 'selected_state_sha256': '3ac06bde46298d0bf99a6874937122b8a566407b07695820f22c1f2b8c3959b7', 'validation': {'weighted_mse': 0.006747014820575714, 'mae': 0.06934544444084167, 'worst10': 0.01995495706796646}, 'check': {'weighted_mse': 0.00792058277875185, 'mae': 0.07586386054754257, 'worst10': 0.02241688407957554}, 'test': {'weighted_mse': 0.006510906852781773, 'mae': 0.06794825941324234, 'worst10': 0.020749656483530998}, 'selected_arch_matches_frozen': True, 'candidate_order_matches_frozen': True, 'validation_matches_frozen': True, 'check_matches_frozen': True, 'test_matches_frozen': True, 'test_opened_after_timing_and_selection': True}"
True,3,5,c981_h1_k10_btight,981,C,tight,1,10,17.303252500016242,12,12,25,993300,True,False,False,False,"{'selected_arch_idx': 25, 'selected_state_sha256': '66f4d64bdb53a2130caf6dbb1c7042d6f60211cead7f2de44955011376c5d56c', 'validation': {'weighted_mse': 0.03366848826408386, 'mae': 0.15390951931476593, 'worst10': 0.12537066638469696}, 'check': {'weighted_mse': 0.04317713528871536, 'mae': 0.18411913514137268, 'worst10': 0.12593531608581543}, 'test': {'weighted_mse': 0.039981693029403687, 'mae': 0.17479217052459717, 'worst10': 0.1256851851940155}, 'selected_arch_matches_frozen': True, 'candidate_order_matches_frozen': True, 'validation_matches_frozen': True, 'check_matches_frozen': True, 'test_matches_frozen': True, 'test_opened_after_timing_and_selection': True}"
True,3,6,c981_h1_k20_btight,981,C,tight,1,20,21.134739300003275,12,12,33,993830,True,False,False,False,"{'selected_arch_idx': 33, 'selected_state_sha256': 'fdec9358f9dd50ddb26e67269cece2742867ca96cf6cfa4d9a1467b367d739d1', 'validation': {'weighted_mse': 0.022030571475625038, 'mae': 0.12321698665618896, 'worst10': 0.0843513160943985}, 'check': {'weighted_mse': 0.031297266483306885, 'mae': 0.15521474182605743, 'worst10': 0.09483948349952698}, 'test': {'weighted_mse': 0.031317707151174545, 'mae': 0.15506963431835175, 'worst10': 0.09974449872970581}, 'selected_arch_matches_frozen': True, 'candidate_order_matches_frozen': True, 'validation_matches_frozen': True, 'check_matches_frozen': True, 'test_matches_frozen': True, 'test_opened_after_timing_and_selection': True}"
True,3,7,c981_h4_k10_btight,981,C,tight,4,10,17.232882300042547,12,12,46,993411,True,False,False,False,"{'selected_arch_idx': 46, 'selected_state_sha256': 'ac0e3243eb7b1d38514ffaa372fb3abf3a09af331965a0744883e2440a5e0fb8', 'validation': {'weighted_mse': 0.0404595285654068, 'mae': 0.17020998895168304, 'worst10': 0.11911284923553467}, 'check': {'weighted_mse': 0.04854460433125496, 'mae': 0.19307509064674377, 'worst10': 0.11403661966323853}, 'test': {'weighted_mse': 0.04761078581213951, 'mae': 0.1896210014820099, 'worst10': 0.1217796579003334}, 'selected_arch_matches_frozen': True, 'candidate_order_matches_frozen': True, 'validation_matches_frozen': True, 'check_matches_frozen': True, 'test_matches_frozen': True, 'test_opened_after_timing_and_selection': True}"
True,3,8,c981_h4_k20_btight,981,C,tight,4,20,18.59428200009279,12,12,46,993941,True,False,False,False,"{'selected_arch_idx': 46, 'selected_state_sha256': 'ac44bc33eb1d0ebb48256c402d2c6e13c5634dc107c86716038f6675e766d245', 'validation': {'weighted_mse': 0.02647838555276394, 'mae': 0.13195832073688507, 'worst10': 0.0908881351351738}, 'check': {'weighted_mse': 0.029587354511022568, 'mae': 0.14416037499904633, 'worst10': 0.08079326897859573}, 'test': {'weighted_mse': 0.029276050627231598, 'mae': 0.14239837229251862, 'worst10': 0.08647306263446808}, 'selected_arch_matches_frozen': True, 'candidate_order_matches_frozen': True, 'validation_matches_frozen': True, 'check_matches_frozen': True, 'test_matches_frozen': True, 'test_opened_after_timing_and_selection': True}"
True,3,9,c982_h1_k10_bmedium,982,B,medium,1,10,22.568674399983138,12,12,46,994309,True,False,False,False,"{'selected_arch_idx': 46, 'selected_state_sha256': '8fb4d4805ad7d3f0aaec502337be06ed0e013efddfc1efa41302fecaea9a4e87', 'validation': {'weighted_mse': 0.014746961183845997, 'mae': 0.09739760309457779, 'worst10': 0.05891917645931244}, 'check': {'weighted_mse': 0.014114808291196823, 'mae': 0.09749925136566162, 'worst10': 0.053237102925777435}, 'test': {'weighted_mse': 0.013757781125605106, 'mae': 0.09676659852266312, 'worst10': 0.05003468319773674}, 'selected_arch_matches_frozen': True, 'candidate_order_matches_frozen': True, 'validation_matches_frozen': True, 'check_matches_frozen': True, 'test_matches_frozen': True, 'test_opened_after_timing_and_selection': True}"
True,3,10,c982_h1_k20_bmedium,982,B,medium,1,20,23.70047030004207,12,12,58,994839,True,False,False,False,"{'selected_arch_idx': 58, 'selected_state_sha256': '717f0f88fcbb981488808cf7928abf06a9a9e27a230d8a99b958e998f604bbaa', 'validation': {'weighted_mse': 0.011045614257454872, 'mae': 0.08463511615991592, 'worst10': 0.04638265073299408}, 'check': {'weighted_mse': 0.010165000334382057, 'mae': 0.0822545513510704, 'worst10': 0.039516862481832504}, 'test': {'weighted_mse': 0.009586990810930729, 'mae': 0.08054046332836151, 'worst10': 0.03736167028546333}, 'selected_arch_matches_frozen': True, 'candidate_order_matches_frozen': True, 'validation_matches_frozen': True, 'check_matches_frozen': True, 'test_matches_frozen': True, 'test_opened_after_timing_and_selection': True}"
True,3,11,c982_h4_k10_bmedium,982,B,medium,4,10,11.729722599964589,12,12,48,994420,True,False,False,False,"{'selected_arch_idx': 48, 'selected_state_sha256': 'e5751b24f48ce2ab16656394b108f20f394a863732f4ae426a009fc7b6a3732a', 'validation': {'weighted_mse': 0.019356340169906616, 'mae': 0.11162810772657394, 'worst10': 0.06573484092950821}, 'check': {'weighted_mse': 0.01718325912952423, 'mae': 0.1062229573726654, 'worst10': 0.05422931909561157}, 'test': {'weighted_mse': 0.017619624733924866, 'mae': 0.10821826756000519, 'worst10': 0.05207572877407074}, 'selected_arch_matches_frozen': True, 'candidate_order_matches_frozen': True, 'validation_matches_frozen': True, 'check_matches_frozen': True, 'test_matches_frozen': True, 'test_opened_after_timing_and_selection': True}"
True,3,12,c982_h4_k20_bmedium,982,B,medium,4,20,22.302227800013497,12,12,49,994950,True,False,False,False,"{'selected_arch_idx': 49, 'selected_state_sha256': '61681f4c39e730069a96002d38e82778a9626671870538fcb91e91717ae75daa', 'validation': {'weighted_mse': 0.011780177243053913, 'mae': 0.08720829337835312, 'worst10': 0.043801791965961456}, 'check': {'weighted_mse': 0.010600974783301353, 'mae': 0.08316297829151154, 'worst10': 0.03667273744940758}, 'test': {'weighted_mse': 0.010546068660914898, 'mae': 0.083663709461689, 'worst10': 0.035660140216350555}, 'selected_arch_matches_frozen': True, 'candidate_order_matches_frozen': True, 'validation_matches_frozen': True, 'check_matches_frozen': True, 'test_matches_frozen': True, 'test_opened_after_timing_and_selection': True}"
True,3,13,c983_h1_k10_bmedium,983,B,medium,1,10,17.778918399941176,12,12,55,995318,True,False,False,False,"{'selected_arch_idx': 55, 'selected_state_sha256': '7c5cbec0df76f31d39c849007fa87de98eb6908d19dd74f6541c9a9b28b79603', 'validation': {'weighted_mse': 0.009030076675117016, 'mae': 0.07474987208843231, 'worst10': 0.04153335839509964}, 'check': {'weighted_mse': 0.014150015078485012, 'mae': 0.09391824901103973, 'worst10': 0.06517186760902405}, 'test': {'weighted_mse': 0.018342867493629456, 'mae': 0.10893654823303223, 'worst10': 0.07937777042388916}, 'selected_arch_matches_frozen': True, 'candidate_order_matches_frozen': True, 'validation_matches_frozen': True, 'check_matches_frozen': True, 'test_matches_frozen': True, 'test_opened_after_timing_and_selection': True}"
True,3,14,c983_h1_k20_bmedium,983,B,medium,1,20,20.64915369998198,12,12,6,995848,True,False,False,False,"{'selected_arch_idx': 6, 'selected_state_sha256': 'f317f1a3f07d7f2bbe98e8603072143ab9920d2ab208774ab9434a95203e1146', 'validation': {'weighted_mse': 0.007888471707701683, 'mae': 0.07175301015377045, 'worst10': 0.032095376402139664}, 'check': {'weighted_mse': 0.01488030981272459, 'mae': 0.10453511774539948, 'worst10': 0.044896140694618225}, 'test': {'weighted_mse': 0.017030242830514908, 'mae': 0.11420837044715881, 'worst10': 0.053630467504262924}, 'selected_arch_matches_frozen': True, 'candidate_order_matches_frozen': True, 'validation_matches_frozen': True, 'check_matches_frozen': True, 'test_matches_frozen': True, 'test_opened_after_timing_and_selection': True}"
True,3,15,c983_h4_k10_bmedium,983,B,medium,4,10,23.872582799987867,12,12,51,995429,True,False,False,False,"{'selected_arch_idx': 51, 'selected_state_sha256': '8dd61d4ba68c595537664c1b6ef22f0e0537f5a9bd529e6019f25e7f1814e04a', 'validation': {'weighted_mse': 0.01297341100871563, 'mae': 0.09055566042661667, 'worst10': 0.04551197960972786}, 'check': {'weighted_mse': 0.023202041164040565, 'mae': 0.12832961976528168, 'worst10': 0.07180683314800262}, 'test': {'weighted_mse': 0.026194186881184578, 'mae': 0.13796141743659973, 'worst10': 0.07687323540449142}, 'selected_arch_matches_frozen': True, 'candidate_order_matches_frozen': True, 'validation_matches_frozen': True, 'check_matches_frozen': True, 'test_matches_frozen': True, 'test_opened_after_timing_and_selection': True}"
True,3,16,c983_h4_k20_bmedium,983,B,medium,4,20,13.643765300046653,12,12,0,995959,True,False,False,False,"{'selected_arch_idx': 0, 'selected_state_sha256': '2655c3be07dc6b47f7305bdf6323a2bdf0b166149de73a878d7bf1fa0bf6f309', 'validation': {'weighted_mse': 0.009990389458835125, 'mae': 0.08118272572755814, 'worst10': 0.03732679784297943}, 'check': {'weighted_mse': 0.016275852918624878, 'mae': 0.10944095253944397, 'worst10': 0.0468309223651886}, 'test': {'weighted_mse': 0.018916161730885506, 'mae': 0.11978959292173386, 'worst10': 0.05606983229517937}, 'selected_arch_matches_frozen': True, 'candidate_order_matches_frozen': True, 'validation_matches_frozen': True, 'check_matches_frozen': True, 'test_matches_frozen': True, 'test_opened_after_timing_and_selection': True}"
True,3,17,c984_h1_k10_bmedium,984,A,medium,1,10,21.07444380002562,12,12,56,996327,True,False,False,False,"{'selected_arch_idx': 56, 'selected_state_sha256': 'ae0a0e3f91aa27bcd7a977f6828899fe25fc3a17fd25033b481b3eed077aa21d', 'validation': {'weighted_mse': 0.0030634368304163218, 'mae': 0.04427472501993179, 'worst10': 0.012982017360627651}, 'check': {'weighted_mse': 0.0027300468645989895, 'mae': 0.04136454313993454, 'worst10': 0.012368693016469479}, 'test': {'weighted_mse': 0.002473466796800494, 'mae': 0.03944574296474457, 'worst10': 0.010711373761296272}, 'selected_arch_matches_frozen': True, 'candidate_order_matches_frozen': True, 'validation_matches_frozen': True, 'check_matches_frozen': True, 'test_matches_frozen': True, 'test_opened_after_timing_and_selection': True}"
True,3,18,c984_h1_k20_bmedium,984,A,medium,1,20,14.244232399971224,12,12,56,996857,True,False,False,False,"{'selected_arch_idx': 56, 'selected_state_sha256': '9f4caac60f64bbd3cb9cdf0c9d85c712f8513d99000928978410105e047fab58', 'validation': {'weighted_mse': 0.0032033484894782305, 'mae': 0.04541687294840813, 'worst10': 0.013387160375714302}, 'check': {'weighted_mse': 0.0029340917244553566, 'mae': 0.04336415231227875, 'worst10': 0.012595399282872677}, 'test': {'weighted_mse': 0.002724803751334548, 'mae': 0.041940636932849884, 'worst10': 0.011667282320559025}, 'selected_arch_matches_frozen': True, 'candidate_order_matches_frozen': True, 'validation_matches_frozen': True, 'check_matches_frozen': True, 'test_matches_frozen': True, 'test_opened_after_timing_and_selection': True}"
True,3,19,c984_h4_k10_bmedium,984,A,medium,4,10,16.94069370010402,12,12,26,996438,True,False,False,False,"{'selected_arch_idx': 26, 'selected_state_sha256': '05067134d25e115c0f037ccd91c4b4a76eff82a81a642b220e4051070f1a1741', 'validation': {'weighted_mse': 0.008281148970127106, 'mae': 0.07180403172969818, 'worst10': 0.02358328551054001}, 'check': {'weighted_mse': 0.008304467424750328, 'mae': 0.07109673321247101, 'worst10': 0.02424057014286518}, 'test': {'weighted_mse': 0.0075516351498663425, 'mae': 0.06924885511398315, 'worst10': 0.02060895413160324}, 'selected_arch_matches_frozen': True, 'candidate_order_matches_frozen': True, 'validation_matches_frozen': True, 'check_matches_frozen': True, 'test_matches_frozen': True, 'test_opened_after_timing_and_selection': True}"
True,3,20,c984_h4_k20_bmedium,984,A,medium,4,20,11.309330299962312,12,12,0,996968,True,False,False,False,"{'selected_arch_idx': 0, 'selected_state_sha256': 'c92820f5f69d232ff2f4695519a897a104973f186a272de55952a7b6520fdf73', 'validation': {'weighted_mse': 0.004838316701352596, 'mae': 0.05629211291670799, 'worst10': 0.016683027148246765}, 'check': {'weighted_mse': 0.004853484220802784, 'mae': 0.0569835789501667, 'worst10': 0.015604224987328053}, 'test': {'weighted_mse': 0.005204250104725361, 'mae': 0.0598439946770668, 'worst10': 0.01721579022705555}, 'selected_arch_matches_frozen': True, 'candidate_order_matches_frozen': True, 'validation_matches_frozen': True, 'check_matches_frozen': True, 'test_matches_frozen': True, 'test_opened_after_timing_and_selection': True}"
True,3,21,c985_h1_k10_btight,985,B,tight,1,10,16.442835199995898,12,12,31,997336,True,False,False,False,"{'selected_arch_idx': 31, 'selected_state_sha256': 'd2c2b3749c3c05b94f664d5d4dabf5d7c0ce704d0aede6104b2b7d8e2b814371', 'validation': {'weighted_mse': 0.00782532524317503, 'mae': 0.0709044337272644, 'worst10': 0.034153591841459274}, 'check': {'weighted_mse': 0.010280938819050789, 'mae': 0.07814192771911621, 'worst10': 0.05274323374032974}, 'test': {'weighted_mse': 0.007291590794920921, 'mae': 0.0675150454044342, 'worst10': 0.03238128498196602}, 'selected_arch_matches_frozen': True, 'candidate_order_matches_frozen': True, 'validation_matches_frozen': True, 'check_matches_frozen': True, 'test_matches_frozen': True, 'test_opened_after_timing_and_selection': True}"
True,3,22,c985_h1_k20_btight,985,B,tight,1,20,15.459895299980417,12,12,33,997866,True,False,False,False,"{'selected_arch_idx': 33, 'selected_state_sha256': '732f3623c3e9e84d7161654665918e17a42cdf16cc279dbf7c03113c51ac8d1a', 'validation': {'weighted_mse': 0.0068566398695111275, 'mae': 0.06674749404191971, 'worst10': 0.02890903316438198}, 'check': {'weighted_mse': 0.009025806561112404, 'mae': 0.07526232302188873, 'worst10': 0.04127587750554085}, 'test': {'weighted_mse': 0.00950917974114418, 'mae': 0.08016535639762878, 'worst10': 0.038612332195043564}, 'selected_arch_matches_frozen': True, 'candidate_order_matches_frozen': True, 'validation_matches_frozen': True, 'check_matches_frozen': True, 'test_matches_frozen': True, 'test_opened_after_timing_and_selection': True}"
True,3,23,c985_h4_k10_btight,985,B,tight,4,10,13.271875699982047,12,12,57,997447,True,False,False,False,"{'selected_arch_idx': 57, 'selected_state_sha256': '6a44f0f21983285edfa9d6f63029c20b2b5f560524d5fc6d1a82a1d3917c8330', 'validation': {'weighted_mse': 0.012775999493896961, 'mae': 0.09146276861429214, 'worst10': 0.03729231655597687}, 'check': {'weighted_mse': 0.015397352166473866, 'mae': 0.10007806122303009, 'worst10': 0.0522306002676487}, 'test': {'weighted_mse': 0.016803445294499397, 'mae': 0.10626576840877533, 'worst10': 0.05108850076794624}, 'selected_arch_matches_frozen': True, 'candidate_order_matches_frozen': True, 'validation_matches_frozen': True, 'check_matches_frozen': True, 'test_matches_frozen': True, 'test_opened_after_timing_and_selection': True}"
True,3,24,c985_h4_k20_btight,985,B,tight,4,20,15.459704300039448,12,12,46,997977,True,False,False,False,"{'selected_arch_idx': 46, 'selected_state_sha256': '04c5fcd06d80e7b4c47c1f951ce276fc02205d63cc827a4e73847d7a2274398f', 'validation': {'weighted_mse': 0.011053439229726791, 'mae': 0.0856110081076622, 'worst10': 0.037202008068561554}, 'check': {'weighted_mse': 0.015254820697009563, 'mae': 0.09776001423597336, 'worst10': 0.0617542490363121}, 'test': {'weighted_mse': 0.015563329681754112, 'mae': 0.10335292667150497, 'worst10': 0.04856811836361885}, 'selected_arch_matches_frozen': True, 'candidate_order_matches_frozen': True, 'validation_matches_frozen': True, 'check_matches_frozen': True, 'test_matches_frozen': True, 'test_opened_after_timing_and_selection': True}"
True,3,25,c986_h1_k10_bmedium,986,A,medium,1,10,13.31687660003081,12,12,63,998345,True,False,False,False,"{'selected_arch_idx': 63, 'selected_state_sha256': '8462d41591473438432c7196f076e5ec4b16bcb30d31a8e9552b316eaa8dd0f1', 'validation': {'weighted_mse': 0.004424020182341337, 'mae': 0.054264381527900696, 'worst10': 0.01697915978729725}, 'check': {'weighted_mse': 0.005257606040686369, 'mae': 0.059950556606054306, 'worst10': 0.02009827271103859}, 'test': {'weighted_mse': 0.0041354564018547535, 'mae': 0.05115266889333725, 'worst10': 0.01788090355694294}, 'selected_arch_matches_frozen': True, 'candidate_order_matches_frozen': True, 'validation_matches_frozen': True, 'check_matches_frozen': True, 'test_matches_frozen': True, 'test_opened_after_timing_and_selection': True}"
True,3,26,c986_h1_k20_bmedium,986,A,medium,1,20,25.421660399995744,12,12,63,998875,True,False,False,False,"{'selected_arch_idx': 63, 'selected_state_sha256': '6b5edd705b63733d75a7dd23119341324e2d0356a9bf2d86463385384503dcbe', 'validation': {'weighted_mse': 0.0033273512963205576, 'mae': 0.0475650280714035, 'worst10': 0.012855974026024342}, 'check': {'weighted_mse': 0.004022351466119289, 'mae': 0.05198037624359131, 'worst10': 0.01547032967209816}, 'test': {'weighted_mse': 0.0031141971703618765, 'mae': 0.044815048575401306, 'worst10': 0.013665838167071342}, 'selected_arch_matches_frozen': True, 'candidate_order_matches_frozen': True, 'validation_matches_frozen': True, 'check_matches_frozen': True, 'test_matches_frozen': True, 'test_opened_after_timing_and_selection': True}"
True,3,27,c986_h4_k10_bmedium,986,A,medium,4,10,10.450874499976635,12,12,0,998456,True,False,False,False,"{'selected_arch_idx': 0, 'selected_state_sha256': '2db4cedb5f391795b778bb357fea184ce7627348a16223adecb4411ad311f890', 'validation': {'weighted_mse': 0.005357407499104738, 'mae': 0.059548914432525635, 'worst10': 0.019415656104683876}, 'check': {'weighted_mse': 0.006117695476859808, 'mae': 0.06408048421144485, 'worst10': 0.021915985271334648}, 'test': {'weighted_mse': 0.004769600927829742, 'mae': 0.0554625429213047, 'worst10': 0.018857980147004128}, 'selected_arch_matches_frozen': True, 'candidate_order_matches_frozen': True, 'validation_matches_frozen': True, 'check_matches_frozen': True, 'test_matches_frozen': True, 'test_opened_after_timing_and_selection': True}"
True,3,28,c986_h4_k20_bmedium,986,A,medium,4,20,13.569785599946044,12,12,0,998986,True,False,False,False,"{'selected_arch_idx': 0, 'selected_state_sha256': 'c105a90a70b2d4ecae17fd091eb3ec390ec54cfcf2b902c5b06968f9d72d4200', 'validation': {'weighted_mse': 0.0038862053770571947, 'mae': 0.05104820057749748, 'worst10': 0.013578571379184723}, 'check': {'weighted_mse': 0.004515185486525297, 'mae': 0.05486811324954033, 'worst10': 0.015258925035595894}, 'test': {'weighted_mse': 0.003529471578076482, 'mae': 0.04831114411354065, 'worst10': 0.012789973989129066}, 'selected_arch_matches_frozen': True, 'candidate_order_matches_frozen': True, 'validation_matches_frozen': True, 'check_matches_frozen': True, 'test_matches_frozen': True, 'test_opened_after_timing_and_selection': True}"
True,3,29,c987_h1_k10_bmedium,987,C,medium,1,10,11.207365799928084,12,12,6,999354,True,False,False,False,"{'selected_arch_idx': 6, 'selected_state_sha256': '904483eb66a2f6f13ae187643681cca7ef703e5995fea27ff86e31382d53460b', 'validation': {'weighted_mse': 0.010445901192724705, 'mae': 0.08423782885074615, 'worst10': 0.03984137624502182}, 'check': {'weighted_mse': 0.010519267991185188, 'mae': 0.08429381251335144, 'worst10': 0.040576446801424026}, 'test': {'weighted_mse': 0.01145543809980154, 'mae': 0.0884687528014183, 'worst10': 0.042260099202394485}, 'selected_arch_matches_frozen': True, 'candidate_order_matches_frozen': True, 'validation_matches_frozen': True, 'check_matches_frozen': True, 'test_matches_frozen': True, 'test_opened_after_timing_and_selection': True}"
True,3,30,c987_h1_k20_bmedium,987,C,medium,1,20,24.412334399996325,12,12,7,999884,True,False,False,False,"{'selected_arch_idx': 7, 'selected_state_sha256': '61d2e2c54fcc1db239d51447580963e5bae74cf0fa84992010d139e800c5e661', 'validation': {'weighted_mse': 0.010899999178946018, 'mae': 0.0871112048625946, 'worst10': 0.040226131677627563}, 'check': {'weighted_mse': 0.010826020501554012, 'mae': 0.08603918552398682, 'worst10': 0.041695717722177505}, 'test': {'weighted_mse': 0.011884575709700584, 'mae': 0.0902152806520462, 'worst10': 0.04399477317929268}, 'selected_arch_matches_frozen': True, 'candidate_order_matches_frozen': True, 'validation_matches_frozen': True, 'check_matches_frozen': True, 'test_matches_frozen': True, 'test_opened_after_timing_and_selection': True}"
True,3,31,c987_h4_k10_bmedium,987,C,medium,4,10,26.284424099954776,12,12,50,999465,True,False,False,False,"{'selected_arch_idx': 50, 'selected_state_sha256': '9d5bb80db7aac9a195d997b226b49a493f32467ee4f2c8f958da3a0ca31b8bf3', 'validation': {'weighted_mse': 0.016224060207605362, 'mae': 0.10380306094884872, 'worst10': 0.04618345946073532}, 'check': {'weighted_mse': 0.016067298129200935, 'mae': 0.10329640656709671, 'worst10': 0.04847025126218796}, 'test': {'weighted_mse': 0.016155481338500977, 'mae': 0.10287410765886307, 'worst10': 0.04548868536949158}, 'selected_arch_matches_frozen': True, 'candidate_order_matches_frozen': True, 'validation_matches_frozen': True, 'check_matches_frozen': True, 'test_matches_frozen': True, 'test_opened_after_timing_and_selection': True}"
True,3,32,c987_h4_k20_bmedium,987,C,medium,4,20,24.75617109995801,12,12,51,999995,True,False,False,False,"{'selected_arch_idx': 51, 'selected_state_sha256': '81066cf2afd26169f6aae146e4d69ff6e134746f04bb25948fb24b6d26cb9bc6', 'validation': {'weighted_mse': 0.02033994160592556, 'mae': 0.11541855335235596, 'worst10': 0.05764070153236389}, 'check': {'weighted_mse': 0.021222509443759918, 'mae': 0.11805062741041183, 'worst10': 0.0619211308658123}, 'test': {'weighted_mse': 0.020703444257378578, 'mae': 0.11579000949859619, 'worst10': 0.06179293990135193}, 'selected_arch_matches_frozen': True, 'candidate_order_matches_frozen': True, 'validation_matches_frozen': True, 'check_matches_frozen': True, 'test_matches_frozen': True, 'test_opened_after_timing_and_selection': True}"
True,3,33,c988_h1_k10_bloose,988,C,loose,1,10,16.302517700009048,12,12,64,1000363,True,False,False,False,"{'selected_arch_idx': 64, 'selected_state_sha256': '5cffdd7608dbc9dc35da853a1083418b0525579627d70badf76a0877ac735eed', 'validation': {'weighted_mse': 0.010937380604445934, 'mae': 0.08483991026878357, 'worst10': 0.04377659782767296}, 'check': {'weighted_mse': 0.01637667417526245, 'mae': 0.10834882408380508, 'worst10': 0.05377289280295372}, 'test': {'weighted_mse': 0.01607622765004635, 'mae': 0.10736119002103806, 'worst10': 0.05535319074988365}, 'selected_arch_matches_frozen': True, 'candidate_order_matches_frozen': True, 'validation_matches_frozen': True, 'check_matches_frozen': True, 'test_matches_frozen': True, 'test_opened_after_timing_and_selection': True}"
True,3,34,c988_h1_k20_bloose,988,C,loose,1,20,19.301836600061506,12,12,61,1000893,True,False,False,False,"{'selected_arch_idx': 61, 'selected_state_sha256': 'eab911375c646abec47639e785e26a1f83a65dd784f88f000429279e130c9734', 'validation': {'weighted_mse': 0.010687724687159061, 'mae': 0.08510240167379379, 'worst10': 0.041316818445920944}, 'check': {'weighted_mse': 0.011510046198964119, 'mae': 0.089784175157547, 'worst10': 0.04045218974351883}, 'test': {'weighted_mse': 0.011343784630298615, 'mae': 0.08773942291736603, 'worst10': 0.04398147761821747}, 'selected_arch_matches_frozen': True, 'candidate_order_matches_frozen': True, 'validation_matches_frozen': True, 'check_matches_frozen': True, 'test_matches_frozen': True, 'test_opened_after_timing_and_selection': True}"
True,3,35,c988_h4_k10_bloose,988,C,loose,4,10,19.01127080002334,12,12,50,1000474,True,False,False,False,"{'selected_arch_idx': 50, 'selected_state_sha256': 'b7b0b2ce1036b1e194cb7ced9a17f0ca5661ab26b25c49c6f60e1d4c479ffe94', 'validation': {'weighted_mse': 0.018243491649627686, 'mae': 0.10733170062303543, 'worst10': 0.06813028454780579}, 'check': {'weighted_mse': 0.025566978380084038, 'mae': 0.13380558788776398, 'worst10': 0.07823720574378967}, 'test': {'weighted_mse': 0.02726578153669834, 'mae': 0.14111971855163574, 'worst10': 0.0787537470459938}, 'selected_arch_matches_frozen': True, 'candidate_order_matches_frozen': True, 'validation_matches_frozen': True, 'check_matches_frozen': True, 'test_matches_frozen': True, 'test_opened_after_timing_and_selection': True}"
True,3,36,c988_h4_k20_bloose,988,C,loose,4,20,31.63899060001131,12,12,49,1001004,True,False,False,False,"{'selected_arch_idx': 49, 'selected_state_sha256': '2580b6dca23e59110b4b4cbcd8010b55623f970c59b34b329faece09fc4b2496', 'validation': {'weighted_mse': 0.018732285127043724, 'mae': 0.10998373478651047, 'worst10': 0.06302514672279358}, 'check': {'weighted_mse': 0.021576764062047005, 'mae': 0.11781413108110428, 'worst10': 0.07333436608314514}, 'test': {'weighted_mse': 0.02152160182595253, 'mae': 0.11812952905893326, 'worst10': 0.07243135571479797}, 'selected_arch_matches_frozen': True, 'candidate_order_matches_frozen': True, 'validation_matches_frozen': True, 'check_matches_frozen': True, 'test_matches_frozen': True, 'test_opened_after_timing_and_selection': True}"
True,3,37,c989_h1_k10_bmedium,989,B,medium,1,10,8.63128999993205,12,12,12,1001372,True,False,False,False,"{'selected_arch_idx': 12, 'selected_state_sha256': '144ec13c36b71b0263be9171399b5b370588982089740c8d368a530d84806667', 'validation': {'weighted_mse': 0.009137979708611965, 'mae': 0.07978451251983643, 'worst10': 0.03262842446565628}, 'check': {'weighted_mse': 0.008894956670701504, 'mae': 0.0787721648812294, 'worst10': 0.030369196087121964}, 'test': {'weighted_mse': 0.010274212807416916, 'mae': 0.08339985460042953, 'worst10': 0.04007332772016525}, 'selected_arch_matches_frozen': True, 'candidate_order_matches_frozen': True, 'validation_matches_frozen': True, 'check_matches_frozen': True, 'test_matches_frozen': True, 'test_opened_after_timing_and_selection': True}"
True,3,38,c989_h1_k20_bmedium,989,B,medium,1,20,15.551967300008982,12,12,56,1001902,True,False,False,False,"{'selected_arch_idx': 56, 'selected_state_sha256': 'd0465663873539c8dce895e201ac28495692b0d2e9bb9bac26735e479b9a9344', 'validation': {'weighted_mse': 0.00709114782512188, 'mae': 0.06862805783748627, 'worst10': 0.027851251885294914}, 'check': {'weighted_mse': 0.007505776826292276, 'mae': 0.07030671834945679, 'worst10': 0.030209340155124664}, 'test': {'weighted_mse': 0.007727331947535276, 'mae': 0.07288749516010284, 'worst10': 0.030340097844600677}, 'selected_arch_matches_frozen': True, 'candidate_order_matches_frozen': True, 'validation_matches_frozen': True, 'check_matches_frozen': True, 'test_matches_frozen': True, 'test_opened_after_timing_and_selection': True}"
True,3,39,c989_h4_k10_bmedium,989,B,medium,4,10,14.22662259999197,12,12,50,1001483,True,False,False,False,"{'selected_arch_idx': 50, 'selected_state_sha256': '8add5d2544af5fe658ac15520abc2ad542c304c98c317c4db97bb250d428fe2d', 'validation': {'weighted_mse': 0.013228941708803177, 'mae': 0.092693991959095, 'worst10': 0.04716155305504799}, 'check': {'weighted_mse': 0.013467838056385517, 'mae': 0.0921640545129776, 'worst10': 0.051680680364370346}, 'test': {'weighted_mse': 0.0155916977673769, 'mae': 0.09865603595972061, 'worst10': 0.06278223544359207}, 'selected_arch_matches_frozen': True, 'candidate_order_matches_frozen': True, 'validation_matches_frozen': True, 'check_matches_frozen': True, 'test_matches_frozen': True, 'test_opened_after_timing_and_selection': True}"
True,3,40,c989_h4_k20_bmedium,989,B,medium,4,20,17.941499300068244,12,12,28,1002013,True,False,False,False,"{'selected_arch_idx': 28, 'selected_state_sha256': '986de215378a3b9330d3eb56effd6ca20fd8d0e780cdd2df6c4a1a2b8e9d2077', 'validation': {'weighted_mse': 0.015419000759720802, 'mae': 0.09840565919876099, 'worst10': 0.05307032912969589}, 'check': {'weighted_mse': 0.016143569722771645, 'mae': 0.10092812031507492, 'worst10': 0.06006903946399689}, 'test': {'weighted_mse': 0.01701366901397705, 'mae': 0.10385473817586899, 'worst10': 0.06131187826395035}, 'selected_arch_matches_frozen': True, 'candidate_order_matches_frozen': True, 'validation_matches_frozen': True, 'check_matches_frozen': True, 'test_matches_frozen': True, 'test_opened_after_timing_and_selection': True}"
True,3,41,c990_h1_k10_bmedium,990,A,medium,1,10,16.340492799994536,12,12,6,1002381,True,False,False,False,"{'selected_arch_idx': 6, 'selected_state_sha256': '97ef56ff01e759a1423b499209fe8af3c64f3c7575b2d90b10cac71507935a5e', 'validation': {'weighted_mse': 0.0026136261876672506, 'mae': 0.041899267584085464, 'worst10': 0.010251599363982677}, 'check': {'weighted_mse': 0.0037734205834567547, 'mae': 0.04739755764603615, 'worst10': 0.018054772168397903}, 'test': {'weighted_mse': 0.003174028592184186, 'mae': 0.04637351632118225, 'worst10': 0.011768803931772709}, 'selected_arch_matches_frozen': True, 'candidate_order_matches_frozen': True, 'validation_matches_frozen': True, 'check_matches_frozen': True, 'test_matches_frozen': True, 'test_opened_after_timing_and_selection': True}"
True,3,42,c990_h1_k20_bmedium,990,A,medium,1,20,29.148071000003256,12,12,7,1002911,True,False,False,False,"{'selected_arch_idx': 7, 'selected_state_sha256': 'ac500efef60772f52035f78e2dfb213dd71e46262f443adb6558acf6b8d04c54', 'validation': {'weighted_mse': 0.003222923493012786, 'mae': 0.04661349207162857, 'worst10': 0.012199838645756245}, 'check': {'weighted_mse': 0.0044938805513083935, 'mae': 0.05195195972919464, 'worst10': 0.020974665880203247}, 'test': {'weighted_mse': 0.003783778753131628, 'mae': 0.05061072111129761, 'worst10': 0.013796085491776466}, 'selected_arch_matches_frozen': True, 'candidate_order_matches_frozen': True, 'validation_matches_frozen': True, 'check_matches_frozen': True, 'test_matches_frozen': True, 'test_opened_after_timing_and_selection': True}"
True,3,43,c990_h4_k10_bmedium,990,A,medium,4,10,15.579952600062825,12,12,46,1002492,True,False,False,False,"{'selected_arch_idx': 46, 'selected_state_sha256': 'd29bd9e26938f803a4c8c34a0c3a13bff571c4360fe0717060b41b4f3a76a16b', 'validation': {'weighted_mse': 0.004690469708293676, 'mae': 0.05524938926100731, 'worst10': 0.015346255153417587}, 'check': {'weighted_mse': 0.005775380413979292, 'mae': 0.059867922216653824, 'worst10': 0.021411066874861717}, 'test': {'weighted_mse': 0.004841405898332596, 'mae': 0.056367598474025726, 'worst10': 0.015579309314489365}, 'selected_arch_matches_frozen': True, 'candidate_order_matches_frozen': True, 'validation_matches_frozen': True, 'check_matches_frozen': True, 'test_matches_frozen': True, 'test_opened_after_timing_and_selection': True}"
True,3,44,c990_h4_k20_bmedium,990,A,medium,4,20,23.800817499984987,12,12,50,1003022,True,False,False,False,"{'selected_arch_idx': 50, 'selected_state_sha256': 'd5326115b950575a2113c0faf6690dbd10a09c67153dc89e5731a3f55ee7ec8f', 'validation': {'weighted_mse': 0.004762687254697084, 'mae': 0.054672013968229294, 'worst10': 0.017911165952682495}, 'check': {'weighted_mse': 0.005761156789958477, 'mae': 0.059976495802402496, 'worst10': 0.021605513989925385}, 'test': {'weighted_mse': 0.0048149991780519485, 'mae': 0.055692099034786224, 'worst10': 0.016258850693702698}, 'selected_arch_matches_frozen': True, 'candidate_order_matches_frozen': True, 'validation_matches_frozen': True, 'check_matches_frozen': True, 'test_matches_frozen': True, 'test_opened_after_timing_and_selection': True}"
True,3,45,c991_h1_k10_bmedium,991,B,medium,1,10,26.519561799941584,12,12,63,1003390,True,False,False,False,"{'selected_arch_idx': 63, 'selected_state_sha256': '9a905dee8dda466827e3c8113aa44a2081579d04e27c04bbe063454c5356f397', 'validation': {'weighted_mse': 0.004920825362205505, 'mae': 0.05604341998696327, 'worst10': 0.020578181371092796}, 'check': {'weighted_mse': 0.0051620714366436005, 'mae': 0.057413868606090546, 'worst10': 0.020881034433841705}, 'test': {'weighted_mse': 0.005536715500056744, 'mae': 0.05908793956041336, 'worst10': 0.023518560454249382}, 'selected_arch_matches_frozen': True, 'candidate_order_matches_frozen': True, 'validation_matches_frozen': True, 'check_matches_frozen': True, 'test_matches_frozen': True, 'test_opened_after_timing_and_selection': True}"
True,3,46,c991_h1_k20_bmedium,991,B,medium,1,20,23.637716200086288,12,12,54,1003920,True,False,False,False,"{'selected_arch_idx': 54, 'selected_state_sha256': '7f14fb3259070f619ff3d7680212706fc1f350bbd577fc855825630da890d434', 'validation': {'weighted_mse': 0.007180613931268454, 'mae': 0.06749306619167328, 'worst10': 0.03265930712223053}, 'check': {'weighted_mse': 0.006144266575574875, 'mae': 0.06316642463207245, 'worst10': 0.02489011362195015}, 'test': {'weighted_mse': 0.007833254523575306, 'mae': 0.07133214175701141, 'worst10': 0.03253408893942833}, 'selected_arch_matches_frozen': True, 'candidate_order_matches_frozen': True, 'validation_matches_frozen': True, 'check_matches_frozen': True, 'test_matches_frozen': True, 'test_opened_after_timing_and_selection': True}"
True,3,47,c991_h4_k10_bmedium,991,B,medium,4,10,19.772124900016934,12,12,49,1003501,True,False,False,False,"{'selected_arch_idx': 49, 'selected_state_sha256': 'd6e5936e4959e76c3b30bae7d346be7258ce6e733e399e627e7b44c2cb62155b', 'validation': {'weighted_mse': 0.01000955980271101, 'mae': 0.07973621785640717, 'worst10': 0.03518548980355263}, 'check': {'weighted_mse': 0.009991754777729511, 'mae': 0.08130413293838501, 'worst10': 0.03308654576539993}, 'test': {'weighted_mse': 0.009672091342508793, 'mae': 0.0793038085103035, 'worst10': 0.03297814354300499}, 'selected_arch_matches_frozen': True, 'candidate_order_matches_frozen': True, 'validation_matches_frozen': True, 'check_matches_frozen': True, 'test_matches_frozen': True, 'test_opened_after_timing_and_selection': True}"
True,3,48,c991_h4_k20_bmedium,991,B,medium,4,20,27.66342200001236,12,12,63,1004031,True,False,False,False,"{'selected_arch_idx': 63, 'selected_state_sha256': '4122c297db373081ebd3a230c16c33d077e89b79ea168006c405eeb379b46558', 'validation': {'weighted_mse': 0.0073281037621200085, 'mae': 0.06891153752803802, 'worst10': 0.02547110617160797}, 'check': {'weighted_mse': 0.005952842067927122, 'mae': 0.0630059614777565, 'worst10': 0.016394177451729774}, 'test': {'weighted_mse': 0.006591455079615116, 'mae': 0.06541987508535385, 'worst10': 0.02150159887969494}, 'selected_arch_matches_frozen': True, 'candidate_order_matches_frozen': True, 'validation_matches_frozen': True, 'check_matches_frozen': True, 'test_matches_frozen': True, 'test_opened_after_timing_and_selection': True}"
True,3,49,c992_h1_k10_bmedium,992,B,medium,1,10,16.493639899999835,12,12,63,1004399,True,False,False,False,"{'selected_arch_idx': 63, 'selected_state_sha256': 'f8ff0a854ee517d6d26e124edd6814fd64537dca8c8050010a641e48dad78710', 'validation': {'weighted_mse': 0.007571631111204624, 'mae': 0.07005783170461655, 'worst10': 0.03250102326273918}, 'check': {'weighted_mse': 0.008225473575294018, 'mae': 0.07422095537185669, 'worst10': 0.032642919570207596}, 'test': {'weighted_mse': 0.007407461293041706, 'mae': 0.06927899271249771, 'worst10': 0.03034668229520321}, 'selected_arch_matches_frozen': True, 'candidate_order_matches_frozen': True, 'validation_matches_frozen': True, 'check_matches_frozen': True, 'test_matches_frozen': True, 'test_opened_after_timing_and_selection': True}"
True,3,50,c992_h1_k20_bmedium,992,B,medium,1,20,10.836010899976827,12,12,36,1004929,True,False,False,False,"{'selected_arch_idx': 36, 'selected_state_sha256': 'bdc3fc88065765913f42fe6ac7b6fd2ab7312e970f0410f2cf52faadedaa0957', 'validation': {'weighted_mse': 0.009845070540904999, 'mae': 0.07844219356775284, 'worst10': 0.045750077813863754}, 'check': {'weighted_mse': 0.00983795989304781, 'mae': 0.08052664250135422, 'worst10': 0.0404641255736351}, 'test': {'weighted_mse': 0.009358743205666542, 'mae': 0.07843078672885895, 'worst10': 0.03938401862978935}, 'selected_arch_matches_frozen': True, 'candidate_order_matches_frozen': True, 'validation_matches_frozen': True, 'check_matches_frozen': True, 'test_matches_frozen': True, 'test_opened_after_timing_and_selection': True}"
True,3,51,c992_h4_k10_bmedium,992,B,medium,4,10,7.42578070005402,12,12,0,1004510,True,False,False,False,"{'selected_arch_idx': 0, 'selected_state_sha256': 'c2578b76bc3ba9500ac17575ebfc5154d2edefb03216de212d53583d1662c46d', 'validation': {'weighted_mse': 0.012121659703552723, 'mae': 0.09041699767112732, 'worst10': 0.04230736196041107}, 'check': {'weighted_mse': 0.011877643875777721, 'mae': 0.0916738510131836, 'worst10': 0.03633797541260719}, 'test': {'weighted_mse': 0.011763551272451878, 'mae': 0.08865921199321747, 'worst10': 0.03959460183978081}, 'selected_arch_matches_frozen': True, 'candidate_order_matches_frozen': True, 'validation_matches_frozen': True, 'check_matches_frozen': True, 'test_matches_frozen': True, 'test_opened_after_timing_and_selection': True}"
True,3,52,c992_h4_k20_bmedium,992,B,medium,4,20,16.978499500080943,12,12,46,1005040,True,False,False,False,"{'selected_arch_idx': 46, 'selected_state_sha256': 'aba4d84e996f3f90f3d5c4a791bbc73ef425fcba3a0eeb8c4b1df3821b993f09', 'validation': {'weighted_mse': 0.011385784484446049, 'mae': 0.08576143532991409, 'worst10': 0.03984517976641655}, 'check': {'weighted_mse': 0.011419042944908142, 'mae': 0.08618226647377014, 'worst10': 0.038876861333847046}, 'test': {'weighted_mse': 0.010834725573658943, 'mae': 0.08402623981237411, 'worst10': 0.03709247335791588}, 'selected_arch_matches_frozen': True, 'candidate_order_matches_frozen': True, 'validation_matches_frozen': True, 'check_matches_frozen': True, 'test_matches_frozen': True, 'test_opened_after_timing_and_selection': True}"
True,3,53,c993_h1_k10_bmedium,993,B,medium,1,10,12.756541299982928,12,12,28,1005408,True,False,False,False,"{'selected_arch_idx': 28, 'selected_state_sha256': '5f20f67d809b922f10500335c6bcef2f29ce658725f75797d896d82ca5794a3d', 'validation': {'weighted_mse': 0.014810798689723015, 'mae': 0.09856339544057846, 'worst10': 0.06096172332763672}, 'check': {'weighted_mse': 0.025259094312787056, 'mae': 0.13748782873153687, 'worst10': 0.08275137841701508}, 'test': {'weighted_mse': 0.024728696793317795, 'mae': 0.13681858777999878, 'worst10': 0.0768919363617897}, 'selected_arch_matches_frozen': True, 'candidate_order_matches_frozen': True, 'validation_matches_frozen': True, 'check_matches_frozen': True, 'test_matches_frozen': True, 'test_opened_after_timing_and_selection': True}"
True,3,54,c993_h1_k20_bmedium,993,B,medium,1,20,17.413363999919966,12,12,28,1005938,True,False,False,False,"{'selected_arch_idx': 28, 'selected_state_sha256': 'b2954b7215b1b814882fee8961b9ff82b732e80ddd8adeb8c80f96ada60509ca', 'validation': {'weighted_mse': 0.008812413550913334, 'mae': 0.07366384565830231, 'worst10': 0.040882740169763565}, 'check': {'weighted_mse': 0.014810619875788689, 'mae': 0.0998162105679512, 'worst10': 0.05865135416388512}, 'test': {'weighted_mse': 0.014039785601198673, 'mae': 0.09828213602304459, 'worst10': 0.05232931300997734}, 'selected_arch_matches_frozen': True, 'candidate_order_matches_frozen': True, 'validation_matches_frozen': True, 'check_matches_frozen': True, 'test_matches_frozen': True, 'test_opened_after_timing_and_selection': True}"
True,3,55,c993_h4_k10_bmedium,993,B,medium,4,10,23.716362999984995,12,12,35,1005519,True,False,False,False,"{'selected_arch_idx': 35, 'selected_state_sha256': '01ac6f9f6fdbe8742abb5a473f2c4868062d7f7bcb8fddea226d9f6d3c05942c', 'validation': {'weighted_mse': 0.0269340630620718, 'mae': 0.13340416550636292, 'worst10': 0.09235720336437225}, 'check': {'weighted_mse': 0.04551658406853676, 'mae': 0.18698588013648987, 'worst10': 0.12426644563674927}, 'test': {'weighted_mse': 0.0419851690530777, 'mae': 0.17898282408714294, 'worst10': 0.11264382302761078}, 'selected_arch_matches_frozen': True, 'candidate_order_matches_frozen': True, 'validation_matches_frozen': True, 'check_matches_frozen': True, 'test_matches_frozen': True, 'test_opened_after_timing_and_selection': True}"
True,3,56,c993_h4_k20_bmedium,993,B,medium,4,20,14.769397999974899,12,12,28,1006049,True,False,False,False,"{'selected_arch_idx': 28, 'selected_state_sha256': '02a9aa44950026eb0c6a55a6c24b8810a26714618445761fbddc11b407aaab5b', 'validation': {'weighted_mse': 0.015557759441435337, 'mae': 0.09983691573143005, 'worst10': 0.05307277664542198}, 'check': {'weighted_mse': 0.029205765575170517, 'mae': 0.14525945484638214, 'worst10': 0.08308745920658112}, 'test': {'weighted_mse': 0.0277189202606678, 'mae': 0.1417941004037857, 'worst10': 0.07505875825881958}, 'selected_arch_matches_frozen': True, 'candidate_order_matches_frozen': True, 'validation_matches_frozen': True, 'check_matches_frozen': True, 'test_matches_frozen': True, 'test_opened_after_timing_and_selection': True}"
True,3,57,c994_h1_k10_btight,994,A,tight,1,10,16.46786700002849,12,12,57,1006417,True,False,False,False,"{'selected_arch_idx': 57, 'selected_state_sha256': 'c2f010f9902d934c592c813e01c2db30b3207c4ea7d751511891064e9fb9357a', 'validation': {'weighted_mse': 0.002022841013967991, 'mae': 0.03671196475625038, 'worst10': 0.008423340506851673}, 'check': {'weighted_mse': 0.0019577399361878633, 'mae': 0.03551102429628372, 'worst10': 0.008802879601716995}, 'test': {'weighted_mse': 0.0030900954734534025, 'mae': 0.04227396473288536, 'worst10': 0.016446314752101898}, 'selected_arch_matches_frozen': True, 'candidate_order_matches_frozen': True, 'validation_matches_frozen': True, 'check_matches_frozen': True, 'test_matches_frozen': True, 'test_opened_after_timing_and_selection': True}"
True,3,58,c994_h1_k20_btight,994,A,tight,1,20,17.507106100092642,12,12,24,1006947,True,False,False,False,"{'selected_arch_idx': 24, 'selected_state_sha256': '67a2ac9958560504d7390c5a669329f053a1747a2a79e0cd0fb344174ecaec30', 'validation': {'weighted_mse': 0.0026236192788928747, 'mae': 0.04164663329720497, 'worst10': 0.011175856925547123}, 'check': {'weighted_mse': 0.002667544176802039, 'mae': 0.041494205594062805, 'worst10': 0.011116301640868187}, 'test': {'weighted_mse': 0.003601263277232647, 'mae': 0.046170104295015335, 'worst10': 0.019186919555068016}, 'selected_arch_matches_frozen': True, 'candidate_order_matches_frozen': True, 'validation_matches_frozen': True, 'check_matches_frozen': True, 'test_matches_frozen': True, 'test_opened_after_timing_and_selection': True}"
True,3,59,c994_h4_k10_btight,994,A,tight,4,10,19.129688299959525,12,12,47,1006528,True,False,False,False,"{'selected_arch_idx': 47, 'selected_state_sha256': 'f58a0f3759dd797cf29646b255cb9b39febf55fdc7ae6586def9176a72c2e4f7', 'validation': {'weighted_mse': 0.004887246992439032, 'mae': 0.05642808973789215, 'worst10': 0.014578483067452908}, 'check': {'weighted_mse': 0.004603634122759104, 'mae': 0.05460026487708092, 'worst10': 0.013689788989722729}, 'test': {'weighted_mse': 0.006049420218914747, 'mae': 0.060836926102638245, 'worst10': 0.024293240159749985}, 'selected_arch_matches_frozen': True, 'candidate_order_matches_frozen': True, 'validation_matches_frozen': True, 'check_matches_frozen': True, 'test_matches_frozen': True, 'test_opened_after_timing_and_selection': True}"
True,3,60,c994_h4_k20_btight,994,A,tight,4,20,12.21222820004914,12,12,46,1007058,True,False,False,False,"{'selected_arch_idx': 46, 'selected_state_sha256': 'c22eeb42a61f18c57d7a8d8fb286615d7e8663028017d47866a4b870f86a8aee', 'validation': {'weighted_mse': 0.004035578109323978, 'mae': 0.05157199129462242, 'worst10': 0.012131947092711926}, 'check': {'weighted_mse': 0.003998407628387213, 'mae': 0.05133969709277153, 'worst10': 0.012226729653775692}, 'test': {'weighted_mse': 0.005005254410207272, 'mae': 0.055475011467933655, 'worst10': 0.021016636863350868}, 'selected_arch_matches_frozen': True, 'candidate_order_matches_frozen': True, 'validation_matches_frozen': True, 'check_matches_frozen': True, 'test_matches_frozen': True, 'test_opened_after_timing_and_selection': True}"
True,3,61,c995_h1_k10_bmedium,995,C,medium,1,10,13.671651199925691,12,12,63,1007426,True,False,False,False,"{'selected_arch_idx': 63, 'selected_state_sha256': '23d98a5ed0844d956d4d3291371cfe11e696e530f047fc5f96cccea85180c098', 'validation': {'weighted_mse': 0.01384540181607008, 'mae': 0.09297115355730057, 'worst10': 0.062378890812397}, 'check': {'weighted_mse': 0.011006766930222511, 'mae': 0.0832577720284462, 'worst10': 0.04631196707487106}, 'test': {'weighted_mse': 0.013651633635163307, 'mae': 0.09098321944475174, 'worst10': 0.06445392966270447}, 'selected_arch_matches_frozen': True, 'candidate_order_matches_frozen': True, 'validation_matches_frozen': True, 'check_matches_frozen': True, 'test_matches_frozen': True, 'test_opened_after_timing_and_selection': True}"
True,3,62,c995_h1_k20_bmedium,995,C,medium,1,20,22.100315099931322,12,12,58,1007956,True,False,False,False,"{'selected_arch_idx': 58, 'selected_state_sha256': '19f6c8f96019b828b4f4d0c3c4ed206b259473d2088e46e9953c04c1efe0eaf1', 'validation': {'weighted_mse': 0.010263429954648018, 'mae': 0.08163443952798843, 'worst10': 0.04483291134238243}, 'check': {'weighted_mse': 0.00943952426314354, 'mae': 0.07898186147212982, 'worst10': 0.03786839172244072}, 'test': {'weighted_mse': 0.011103738099336624, 'mae': 0.0840843990445137, 'worst10': 0.04881973937153816}, 'selected_arch_matches_frozen': True, 'candidate_order_matches_frozen': True, 'validation_matches_frozen': True, 'check_matches_frozen': True, 'test_matches_frozen': True, 'test_opened_after_timing_and_selection': True}"
True,3,63,c995_h4_k10_bmedium,995,C,medium,4,10,16.64685419993475,12,12,49,1007537,True,False,False,False,"{'selected_arch_idx': 49, 'selected_state_sha256': '6a0f5c0014b306963923c4c0993868f1b31ff5362cee56cbda0d643a24063574', 'validation': {'weighted_mse': 0.027217213064432144, 'mae': 0.13076160848140717, 'worst10': 0.08804930746555328}, 'check': {'weighted_mse': 0.022219227626919746, 'mae': 0.11866109818220139, 'worst10': 0.06690917164087296}, 'test': {'weighted_mse': 0.029801009222865105, 'mae': 0.13614998757839203, 'worst10': 0.0945732519030571}, 'selected_arch_matches_frozen': True, 'candidate_order_matches_frozen': True, 'validation_matches_frozen': True, 'check_matches_frozen': True, 'test_matches_frozen': True, 'test_opened_after_timing_and_selection': True}"
True,3,64,c995_h4_k20_bmedium,995,C,medium,4,20,17.508590100100264,12,12,0,1008067,True,False,False,False,"{'selected_arch_idx': 0, 'selected_state_sha256': '5972943af344e547f777b352345765670a3ea3485a6d741f556c2808a8861ca5', 'validation': {'weighted_mse': 0.014211421832442284, 'mae': 0.09459199756383896, 'worst10': 0.05868247523903847}, 'check': {'weighted_mse': 0.010746625252068043, 'mae': 0.08505360037088394, 'worst10': 0.03428357467055321}, 'test': {'weighted_mse': 0.015493392944335938, 'mae': 0.09931199252605438, 'worst10': 0.05834776908159256}, 'selected_arch_matches_frozen': True, 'candidate_order_matches_frozen': True, 'validation_matches_frozen': True, 'check_matches_frozen': True, 'test_matches_frozen': True, 'test_opened_after_timing_and_selection': True}"
True,3,65,c996_h1_k10_btight,996,A,tight,1,10,13.41751669999212,12,12,35,1008435,True,False,False,False,"{'selected_arch_idx': 35, 'selected_state_sha256': 'a9157448cb77300f046207cd7d261d44bfe111baa9990ec93bf340bb168f2595', 'validation': {'weighted_mse': 0.0055505759082734585, 'mae': 0.060513950884342194, 'worst10': 0.02310858480632305}, 'check': {'weighted_mse': 0.004394100978970528, 'mae': 0.05272209271788597, 'worst10': 0.019276181235909462}, 'test': {'weighted_mse': 0.004919011145830154, 'mae': 0.056781165301799774, 'worst10': 0.02037489414215088}, 'selected_arch_matches_frozen': True, 'candidate_order_matches_frozen': True, 'validation_matches_frozen': True, 'check_matches_frozen': True, 'test_matches_frozen': True, 'test_opened_after_timing_and_selection': True}"
True,3,66,c996_h1_k20_btight,996,A,tight,1,20,13.131999399978667,12,12,45,1008965,True,False,False,False,"{'selected_arch_idx': 45, 'selected_state_sha256': '928425993cae9b68ecbcf95e3cd13e3f0856f6e8416f3334aa5fe676179c217c', 'validation': {'weighted_mse': 0.004494486842304468, 'mae': 0.05194947496056557, 'worst10': 0.022166790440678596}, 'check': {'weighted_mse': 0.004908734932541847, 'mae': 0.05380934476852417, 'worst10': 0.02518358826637268}, 'test': {'weighted_mse': 0.0037950705736875534, 'mae': 0.048635002225637436, 'worst10': 0.0185744259506464}, 'selected_arch_matches_frozen': True, 'candidate_order_matches_frozen': True, 'validation_matches_frozen': True, 'check_matches_frozen': True, 'test_matches_frozen': True, 'test_opened_after_timing_and_selection': True}"
True,3,67,c996_h4_k10_btight,996,A,tight,4,10,10.680212499923073,12,12,20,1008546,True,False,False,False,"{'selected_arch_idx': 20, 'selected_state_sha256': '0c4b40725a42710e88097c557c86125effd164bf7f541bda5ab2fb68d7349aed', 'validation': {'weighted_mse': 0.014891956932842731, 'mae': 0.09987147152423859, 'worst10': 0.05145053565502167}, 'check': {'weighted_mse': 0.015375161543488503, 'mae': 0.10356658697128296, 'worst10': 0.046902842819690704}, 'test': {'weighted_mse': 0.013493528589606285, 'mae': 0.09594780206680298, 'worst10': 0.04330555722117424}, 'selected_arch_matches_frozen': True, 'candidate_order_matches_frozen': True, 'validation_matches_frozen': True, 'check_matches_frozen': True, 'test_matches_frozen': True, 'test_opened_after_timing_and_selection': True}"
True,3,68,c996_h4_k20_btight,996,A,tight,4,20,19.92543700011447,12,12,46,1009076,True,False,False,False,"{'selected_arch_idx': 46, 'selected_state_sha256': 'c39d13d11fb19fb9a5662f303dd049a8ae316a3393eb24e59b4366401d340ba8', 'validation': {'weighted_mse': 0.006884565576910973, 'mae': 0.0665406659245491, 'worst10': 0.02470390498638153}, 'check': {'weighted_mse': 0.006791303865611553, 'mae': 0.06745918095111847, 'worst10': 0.02287440001964569}, 'test': {'weighted_mse': 0.005997930187731981, 'mae': 0.06302496790885925, 'worst10': 0.019697558134794235}, 'selected_arch_matches_frozen': True, 'candidate_order_matches_frozen': True, 'validation_matches_frozen': True, 'check_matches_frozen': True, 'test_matches_frozen': True, 'test_opened_after_timing_and_selection': True}"
True,3,69,c997_h1_k10_bmedium,997,B,medium,1,10,12.367987399920821,12,12,45,1009444,True,False,False,False,"{'selected_arch_idx': 45, 'selected_state_sha256': '563a8125bc147c7f233deabd37742e01c9faebf2dbde986004b4362dbb1829df', 'validation': {'weighted_mse': 0.010849375277757645, 'mae': 0.08272192627191544, 'worst10': 0.04942438378930092}, 'check': {'weighted_mse': 0.014496343210339546, 'mae': 0.0957484021782875, 'worst10': 0.06289894878864288}, 'test': {'weighted_mse': 0.013338168151676655, 'mae': 0.091421939432621, 'worst10': 0.05961259454488754}, 'selected_arch_matches_frozen': True, 'candidate_order_matches_frozen': True, 'validation_matches_frozen': True, 'check_matches_frozen': True, 'test_matches_frozen': True, 'test_opened_after_timing_and_selection': True}"
True,3,70,c997_h1_k20_bmedium,997,B,medium,1,20,15.608750400017016,12,12,49,1009974,True,False,False,False,"{'selected_arch_idx': 49, 'selected_state_sha256': '934224c9a2ee47d725935c78c4a00d9a96e2dc571788c36575f2261d13caabb6', 'validation': {'weighted_mse': 0.008955627679824829, 'mae': 0.07494726777076721, 'worst10': 0.04033973440527916}, 'check': {'weighted_mse': 0.013339681550860405, 'mae': 0.09515722095966339, 'worst10': 0.05363968759775162}, 'test': {'weighted_mse': 0.01379714347422123, 'mae': 0.094963937997818, 'worst10': 0.06074513867497444}, 'selected_arch_matches_frozen': True, 'candidate_order_matches_frozen': True, 'validation_matches_frozen': True, 'check_matches_frozen': True, 'test_matches_frozen': True, 'test_opened_after_timing_and_selection': True}"
True,3,71,c997_h4_k10_bmedium,997,B,medium,4,10,16.827605099999346,12,12,0,1009555,True,False,False,False,"{'selected_arch_idx': 0, 'selected_state_sha256': 'efc1ed5361f2da003682cdbae2379da3fcdef4bd5c9c70803dc8e8c6e72d6f87', 'validation': {'weighted_mse': 0.011665815487504005, 'mae': 0.08681383728981018, 'worst10': 0.04191111400723457}, 'check': {'weighted_mse': 0.015188357792794704, 'mae': 0.10447622090578079, 'worst10': 0.04426812008023262}, 'test': {'weighted_mse': 0.015161997638642788, 'mae': 0.10270988196134567, 'worst10': 0.05290333554148674}, 'selected_arch_matches_frozen': True, 'candidate_order_matches_frozen': True, 'validation_matches_frozen': True, 'check_matches_frozen': True, 'test_matches_frozen': True, 'test_opened_after_timing_and_selection': True}"
True,3,72,c997_h4_k20_bmedium,997,B,medium,4,20,28.05884579999838,12,12,51,1010085,True,False,False,False,"{'selected_arch_idx': 51, 'selected_state_sha256': '1ed81b76e0c8cb817a41029cc7b3583d707434e86f909f04c2fb4990d77116f3', 'validation': {'weighted_mse': 0.013473478145897388, 'mae': 0.09218288958072662, 'worst10': 0.0446309894323349}, 'check': {'weighted_mse': 0.01640578731894493, 'mae': 0.10470359027385712, 'worst10': 0.05083105340600014}, 'test': {'weighted_mse': 0.015978999435901642, 'mae': 0.10233420133590698, 'worst10': 0.0507197380065918}, 'selected_arch_matches_frozen': True, 'candidate_order_matches_frozen': True, 'validation_matches_frozen': True, 'check_matches_frozen': True, 'test_matches_frozen': True, 'test_opened_after_timing_and_selection': True}"
True,3,73,c998_h1_k10_bmedium,998,C,medium,1,10,23.792138000018895,12,12,58,1010453,True,False,False,False,"{'selected_arch_idx': 58, 'selected_state_sha256': '44aec3106979b0e38793c4a7d1864b786646969c79a85b88a062c65a9ca6cb83', 'validation': {'weighted_mse': 0.008911209180951118, 'mae': 0.07599161565303802, 'worst10': 0.03787902370095253}, 'check': {'weighted_mse': 0.008910427801311016, 'mae': 0.07471626251935959, 'worst10': 0.040807001292705536}, 'test': {'weighted_mse': 0.011134320870041847, 'mae': 0.08579473197460175, 'worst10': 0.04583163559436798}, 'selected_arch_matches_frozen': True, 'candidate_order_matches_frozen': True, 'validation_matches_frozen': True, 'check_matches_frozen': True, 'test_matches_frozen': True, 'test_opened_after_timing_and_selection': True}"
True,3,74,c998_h1_k20_bmedium,998,C,medium,1,20,15.476164199993946,12,12,51,1010983,True,False,False,False,"{'selected_arch_idx': 51, 'selected_state_sha256': 'f5efcb0459fcbb89eb478555aa92a1041547e8ec3f65139aa64428d6cd627b1c', 'validation': {'weighted_mse': 0.009849806316196918, 'mae': 0.08040701597929001, 'worst10': 0.04124651849269867}, 'check': {'weighted_mse': 0.009092244319617748, 'mae': 0.07643461972475052, 'worst10': 0.03867315500974655}, 'test': {'weighted_mse': 0.01041762437671423, 'mae': 0.0824083685874939, 'worst10': 0.04430052638053894}, 'selected_arch_matches_frozen': True, 'candidate_order_matches_frozen': True, 'validation_matches_frozen': True, 'check_matches_frozen': True, 'test_matches_frozen': True, 'test_opened_after_timing_and_selection': True}"
True,3,75,c998_h4_k10_bmedium,998,C,medium,4,10,11.551291199983098,12,12,6,1010564,True,False,False,False,"{'selected_arch_idx': 6, 'selected_state_sha256': 'ced451658f71281f87dc5e0c1ee8dbb93813d02d2fe534cce5635c70647ef0dd', 'validation': {'weighted_mse': 0.023622868582606316, 'mae': 0.1277722269296646, 'worst10': 0.06574085354804993}, 'check': {'weighted_mse': 0.015170225873589516, 'mae': 0.09920381754636765, 'worst10': 0.0468873493373394}, 'test': {'weighted_mse': 0.014713495038449764, 'mae': 0.09751308709383011, 'worst10': 0.046224117279052734}, 'selected_arch_matches_frozen': True, 'candidate_order_matches_frozen': True, 'validation_matches_frozen': True, 'check_matches_frozen': True, 'test_matches_frozen': True, 'test_opened_after_timing_and_selection': True}"
True,3,76,c998_h4_k20_bmedium,998,C,medium,4,20,18.596437300089747,12,12,36,1011094,True,False,False,False,"{'selected_arch_idx': 36, 'selected_state_sha256': '4020c6892a26cd46696cc3891bdd8266b9d3a8dc03c7e595262a6db6128c6549', 'validation': {'weighted_mse': 0.02797328308224678, 'mae': 0.13745057582855225, 'worst10': 0.08072157949209213}, 'check': {'weighted_mse': 0.018819643184542656, 'mae': 0.11028851568698883, 'worst10': 0.05858305096626282}, 'test': {'weighted_mse': 0.01944938488304615, 'mae': 0.11150108277797699, 'worst10': 0.06507585942745209}, 'selected_arch_matches_frozen': True, 'candidate_order_matches_frozen': True, 'validation_matches_frozen': True, 'check_matches_frozen': True, 'test_matches_frozen': True, 'test_opened_after_timing_and_selection': True}"
True,3,77,c999_h1_k10_btight,999,C,tight,1,10,16.627903799992055,12,12,56,1011462,True,False,False,False,"{'selected_arch_idx': 56, 'selected_state_sha256': 'd70081c752d131481a446e026cba1c28f2518ef19c8e2db621d77ef6cc1745db', 'validation': {'weighted_mse': 0.010534186847507954, 'mae': 0.08261659741401672, 'worst10': 0.043687209486961365}, 'check': {'weighted_mse': 0.010296707041561604, 'mae': 0.08269042521715164, 'worst10': 0.040279094129800797}, 'test': {'weighted_mse': 0.01500470656901598, 'mae': 0.10097992420196533, 'worst10': 0.06026233360171318}, 'selected_arch_matches_frozen': True, 'candidate_order_matches_frozen': True, 'validation_matches_frozen': True, 'check_matches_frozen': True, 'test_matches_frozen': True, 'test_opened_after_timing_and_selection': True}"
True,3,78,c999_h1_k20_btight,999,C,tight,1,20,14.494317200034857,12,12,42,1011992,True,False,False,False,"{'selected_arch_idx': 42, 'selected_state_sha256': '8fc64f77db2db9a718655352eed2e04c71090534985968905e07ef823cb5bf06', 'validation': {'weighted_mse': 0.012758470140397549, 'mae': 0.09187974780797958, 'worst10': 0.05252831056714058}, 'check': {'weighted_mse': 0.011486083269119263, 'mae': 0.08865741640329361, 'worst10': 0.04304847866296768}, 'test': {'weighted_mse': 0.024061398580670357, 'mae': 0.12993186712265015, 'worst10': 0.08859390020370483}, 'selected_arch_matches_frozen': True, 'candidate_order_matches_frozen': True, 'validation_matches_frozen': True, 'check_matches_frozen': True, 'test_matches_frozen': True, 'test_opened_after_timing_and_selection': True}"
True,3,79,c999_h4_k10_btight,999,C,tight,4,10,13.784707300015725,12,12,55,1011573,True,False,False,False,"{'selected_arch_idx': 55, 'selected_state_sha256': '3bc2ed27c81bdafe22a97717e14a7a91f9828547bdd84578adc8eafb17921524', 'validation': {'weighted_mse': 0.019089121371507645, 'mae': 0.11057241261005402, 'worst10': 0.06650161743164062}, 'check': {'weighted_mse': 0.018980907276272774, 'mae': 0.11098302155733109, 'worst10': 0.061283085495233536}, 'test': {'weighted_mse': 0.03178783506155014, 'mae': 0.1504155397415161, 'worst10': 0.09332620352506638}, 'selected_arch_matches_frozen': True, 'candidate_order_matches_frozen': True, 'validation_matches_frozen': True, 'check_matches_frozen': True, 'test_matches_frozen': True, 'test_opened_after_timing_and_selection': True}"
True,3,80,c999_h4_k20_btight,999,C,tight,4,20,18.734904799959622,12,12,55,1012103,True,False,False,False,"{'selected_arch_idx': 55, 'selected_state_sha256': '5a4ec33179a84d03bf627891bcc19dc250b3ee39749ce4cfcaed263df80d8d2d', 'validation': {'weighted_mse': 0.016513187438249588, 'mae': 0.10330186784267426, 'worst10': 0.05260549858212471}, 'check': {'weighted_mse': 0.015568943694233894, 'mae': 0.09919591248035431, 'worst10': 0.04835611209273338}, 'test': {'weighted_mse': 0.02338486723601818, 'mae': 0.12552277743816376, 'worst10': 0.07195121794939041}, 'selected_arch_matches_frozen': True, 'candidate_order_matches_frozen': True, 'validation_matches_frozen': True, 'check_matches_frozen': True, 'test_matches_frozen': True, 'test_opened_after_timing_and_selection': True}"
True,4,1,c980_h1_k10_bloose,980,A,loose,1,10,15.283786999993026,12,12,30,992291,True,False,False,False,"{'selected_arch_idx': 30, 'selected_state_sha256': 'db4bfd3a4d8e44b6a067c38483a3383b350f2b56ee132c830e2300abc38fb44a', 'validation': {'weighted_mse': 0.0030615217983722687, 'mae': 0.04507574811577797, 'worst10': 0.01253217738121748}, 'check': {'weighted_mse': 0.0033360086381435394, 'mae': 0.04728008434176445, 'worst10': 0.013575254008173943}, 'test': {'weighted_mse': 0.002963755512610078, 'mae': 0.042932119220495224, 'worst10': 0.013358625583350658}, 'selected_arch_matches_frozen': True, 'candidate_order_matches_frozen': True, 'validation_matches_frozen': True, 'check_matches_frozen': True, 'test_matches_frozen': True, 'test_opened_after_timing_and_selection': True}"
True,4,2,c980_h1_k20_bloose,980,A,loose,1,20,13.965519199962728,12,12,23,992821,True,False,False,False,"{'selected_arch_idx': 23, 'selected_state_sha256': '634e4c787b420ed5a596296c79a6f79c8f45f0d719200eb786d2ddd1cb8db64e', 'validation': {'weighted_mse': 0.0038291628006845713, 'mae': 0.04990711063146591, 'worst10': 0.01572558470070362}, 'check': {'weighted_mse': 0.004340082406997681, 'mae': 0.05364573374390602, 'worst10': 0.01746532693505287}, 'test': {'weighted_mse': 0.0034944869112223387, 'mae': 0.047907426953315735, 'worst10': 0.014578094705939293}, 'selected_arch_matches_frozen': True, 'candidate_order_matches_frozen': True, 'validation_matches_frozen': True, 'check_matches_frozen': True, 'test_matches_frozen': True, 'test_opened_after_timing_and_selection': True}"
True,4,3,c980_h4_k10_bloose,980,A,loose,4,10,15.089999499963596,12,12,2,992402,True,False,False,False,"{'selected_arch_idx': 2, 'selected_state_sha256': 'e6f82b80de86579170123c65e83e6d4bd20f25db008c0f7808e906f6c1863801', 'validation': {'weighted_mse': 0.004976664669811726, 'mae': 0.058512717485427856, 'worst10': 0.016165805980563164}, 'check': {'weighted_mse': 0.005880947224795818, 'mae': 0.06391147524118423, 'worst10': 0.01824036054313183}, 'test': {'weighted_mse': 0.004766291473060846, 'mae': 0.05693446844816208, 'worst10': 0.016269374638795853}, 'selected_arch_matches_frozen': True, 'candidate_order_matches_frozen': True, 'validation_matches_frozen': True, 'check_matches_frozen': True, 'test_matches_frozen': True, 'test_opened_after_timing_and_selection': True}"
True,4,4,c980_h4_k20_bloose,980,A,loose,4,20,15.975224900059402,12,12,8,992932,True,False,False,False,"{'selected_arch_idx': 8, 'selected_state_sha256': '3ac06bde46298d0bf99a6874937122b8a566407b07695820f22c1f2b8c3959b7', 'validation': {'weighted_mse': 0.006747014820575714, 'mae': 0.06934544444084167, 'worst10': 0.01995495706796646}, 'check': {'weighted_mse': 0.00792058277875185, 'mae': 0.07586386054754257, 'worst10': 0.02241688407957554}, 'test': {'weighted_mse': 0.006510906852781773, 'mae': 0.06794825941324234, 'worst10': 0.020749656483530998}, 'selected_arch_matches_frozen': True, 'candidate_order_matches_frozen': True, 'validation_matches_frozen': True, 'check_matches_frozen': True, 'test_matches_frozen': True, 'test_opened_after_timing_and_selection': True}"
True,4,5,c981_h1_k10_btight,981,C,tight,1,10,16.074435899965465,12,12,25,993300,True,False,False,False,"{'selected_arch_idx': 25, 'selected_state_sha256': '66f4d64bdb53a2130caf6dbb1c7042d6f60211cead7f2de44955011376c5d56c', 'validation': {'weighted_mse': 0.03366848826408386, 'mae': 0.15390951931476593, 'worst10': 0.12537066638469696}, 'check': {'weighted_mse': 0.04317713528871536, 'mae': 0.18411913514137268, 'worst10': 0.12593531608581543}, 'test': {'weighted_mse': 0.039981693029403687, 'mae': 0.17479217052459717, 'worst10': 0.1256851851940155}, 'selected_arch_matches_frozen': True, 'candidate_order_matches_frozen': True, 'validation_matches_frozen': True, 'check_matches_frozen': True, 'test_matches_frozen': True, 'test_opened_after_timing_and_selection': True}"
True,4,6,c981_h1_k20_btight,981,C,tight,1,20,21.12995360000059,12,12,33,993830,True,False,False,False,"{'selected_arch_idx': 33, 'selected_state_sha256': 'fdec9358f9dd50ddb26e67269cece2742867ca96cf6cfa4d9a1467b367d739d1', 'validation': {'weighted_mse': 0.022030571475625038, 'mae': 0.12321698665618896, 'worst10': 0.0843513160943985}, 'check': {'weighted_mse': 0.031297266483306885, 'mae': 0.15521474182605743, 'worst10': 0.09483948349952698}, 'test': {'weighted_mse': 0.031317707151174545, 'mae': 0.15506963431835175, 'worst10': 0.09974449872970581}, 'selected_arch_matches_frozen': True, 'candidate_order_matches_frozen': True, 'validation_matches_frozen': True, 'check_matches_frozen': True, 'test_matches_frozen': True, 'test_opened_after_timing_and_selection': True}"
True,4,7,c981_h4_k10_btight,981,C,tight,4,10,17.038117600022815,12,12,46,993411,True,False,False,False,"{'selected_arch_idx': 46, 'selected_state_sha256': 'ac0e3243eb7b1d38514ffaa372fb3abf3a09af331965a0744883e2440a5e0fb8', 'validation': {'weighted_mse': 0.0404595285654068, 'mae': 0.17020998895168304, 'worst10': 0.11911284923553467}, 'check': {'weighted_mse': 0.04854460433125496, 'mae': 0.19307509064674377, 'worst10': 0.11403661966323853}, 'test': {'weighted_mse': 0.04761078581213951, 'mae': 0.1896210014820099, 'worst10': 0.1217796579003334}, 'selected_arch_matches_frozen': True, 'candidate_order_matches_frozen': True, 'validation_matches_frozen': True, 'check_matches_frozen': True, 'test_matches_frozen': True, 'test_opened_after_timing_and_selection': True}"
True,4,8,c981_h4_k20_btight,981,C,tight,4,20,18.076640099985525,12,12,46,993941,True,False,False,False,"{'selected_arch_idx': 46, 'selected_state_sha256': 'ac44bc33eb1d0ebb48256c402d2c6e13c5634dc107c86716038f6675e766d245', 'validation': {'weighted_mse': 0.02647838555276394, 'mae': 0.13195832073688507, 'worst10': 0.0908881351351738}, 'check': {'weighted_mse': 0.029587354511022568, 'mae': 0.14416037499904633, 'worst10': 0.08079326897859573}, 'test': {'weighted_mse': 0.029276050627231598, 'mae': 0.14239837229251862, 'worst10': 0.08647306263446808}, 'selected_arch_matches_frozen': True, 'candidate_order_matches_frozen': True, 'validation_matches_frozen': True, 'check_matches_frozen': True, 'test_matches_frozen': True, 'test_opened_after_timing_and_selection': True}"
True,4,9,c982_h1_k10_bmedium,982,B,medium,1,10,22.072629800066352,12,12,46,994309,True,False,False,False,"{'selected_arch_idx': 46, 'selected_state_sha256': '8fb4d4805ad7d3f0aaec502337be06ed0e013efddfc1efa41302fecaea9a4e87', 'validation': {'weighted_mse': 0.014746961183845997, 'mae': 0.09739760309457779, 'worst10': 0.05891917645931244}, 'check': {'weighted_mse': 0.014114808291196823, 'mae': 0.09749925136566162, 'worst10': 0.053237102925777435}, 'test': {'weighted_mse': 0.013757781125605106, 'mae': 0.09676659852266312, 'worst10': 0.05003468319773674}, 'selected_arch_matches_frozen': True, 'candidate_order_matches_frozen': True, 'validation_matches_frozen': True, 'check_matches_frozen': True, 'test_matches_frozen': True, 'test_opened_after_timing_and_selection': True}"
True,4,10,c982_h1_k20_bmedium,982,B,medium,1,20,23.19051990006119,12,12,58,994839,True,False,False,False,"{'selected_arch_idx': 58, 'selected_state_sha256': '717f0f88fcbb981488808cf7928abf06a9a9e27a230d8a99b958e998f604bbaa', 'validation': {'weighted_mse': 0.011045614257454872, 'mae': 0.08463511615991592, 'worst10': 0.04638265073299408}, 'check': {'weighted_mse': 0.010165000334382057, 'mae': 0.0822545513510704, 'worst10': 0.039516862481832504}, 'test': {'weighted_mse': 0.009586990810930729, 'mae': 0.08054046332836151, 'worst10': 0.03736167028546333}, 'selected_arch_matches_frozen': True, 'candidate_order_matches_frozen': True, 'validation_matches_frozen': True, 'check_matches_frozen': True, 'test_matches_frozen': True, 'test_opened_after_timing_and_selection': True}"
True,4,11,c982_h4_k10_bmedium,982,B,medium,4,10,11.341511500068009,12,12,48,994420,True,False,False,False,"{'selected_arch_idx': 48, 'selected_state_sha256': 'e5751b24f48ce2ab16656394b108f20f394a863732f4ae426a009fc7b6a3732a', 'validation': {'weighted_mse': 0.019356340169906616, 'mae': 0.11162810772657394, 'worst10': 0.06573484092950821}, 'check': {'weighted_mse': 0.01718325912952423, 'mae': 0.1062229573726654, 'worst10': 0.05422931909561157}, 'test': {'weighted_mse': 0.017619624733924866, 'mae': 0.10821826756000519, 'worst10': 0.05207572877407074}, 'selected_arch_matches_frozen': True, 'candidate_order_matches_frozen': True, 'validation_matches_frozen': True, 'check_matches_frozen': True, 'test_matches_frozen': True, 'test_opened_after_timing_and_selection': True}"
True,4,12,c982_h4_k20_bmedium,982,B,medium,4,20,21.624061699956656,12,12,49,994950,True,False,False,False,"{'selected_arch_idx': 49, 'selected_state_sha256': '61681f4c39e730069a96002d38e82778a9626671870538fcb91e91717ae75daa', 'validation': {'weighted_mse': 0.011780177243053913, 'mae': 0.08720829337835312, 'worst10': 0.043801791965961456}, 'check': {'weighted_mse': 0.010600974783301353, 'mae': 0.08316297829151154, 'worst10': 0.03667273744940758}, 'test': {'weighted_mse': 0.010546068660914898, 'mae': 0.083663709461689, 'worst10': 0.035660140216350555}, 'selected_arch_matches_frozen': True, 'candidate_order_matches_frozen': True, 'validation_matches_frozen': True, 'check_matches_frozen': True, 'test_matches_frozen': True, 'test_opened_after_timing_and_selection': True}"
True,4,13,c983_h1_k10_bmedium,983,B,medium,1,10,18.04124279995449,12,12,55,995318,True,False,False,False,"{'selected_arch_idx': 55, 'selected_state_sha256': '7c5cbec0df76f31d39c849007fa87de98eb6908d19dd74f6541c9a9b28b79603', 'validation': {'weighted_mse': 0.009030076675117016, 'mae': 0.07474987208843231, 'worst10': 0.04153335839509964}, 'check': {'weighted_mse': 0.014150015078485012, 'mae': 0.09391824901103973, 'worst10': 0.06517186760902405}, 'test': {'weighted_mse': 0.018342867493629456, 'mae': 0.10893654823303223, 'worst10': 0.07937777042388916}, 'selected_arch_matches_frozen': True, 'candidate_order_matches_frozen': True, 'validation_matches_frozen': True, 'check_matches_frozen': True, 'test_matches_frozen': True, 'test_opened_after_timing_and_selection': True}"
True,4,14,c983_h1_k20_bmedium,983,B,medium,1,20,20.974374399986118,12,12,6,995848,True,False,False,False,"{'selected_arch_idx': 6, 'selected_state_sha256': 'f317f1a3f07d7f2bbe98e8603072143ab9920d2ab208774ab9434a95203e1146', 'validation': {'weighted_mse': 0.007888471707701683, 'mae': 0.07175301015377045, 'worst10': 0.032095376402139664}, 'check': {'weighted_mse': 0.01488030981272459, 'mae': 0.10453511774539948, 'worst10': 0.044896140694618225}, 'test': {'weighted_mse': 0.017030242830514908, 'mae': 0.11420837044715881, 'worst10': 0.053630467504262924}, 'selected_arch_matches_frozen': True, 'candidate_order_matches_frozen': True, 'validation_matches_frozen': True, 'check_matches_frozen': True, 'test_matches_frozen': True, 'test_opened_after_timing_and_selection': True}"
True,4,15,c983_h4_k10_bmedium,983,B,medium,4,10,25.462985699996352,12,12,51,995429,True,False,False,False,"{'selected_arch_idx': 51, 'selected_state_sha256': '8dd61d4ba68c595537664c1b6ef22f0e0537f5a9bd529e6019f25e7f1814e04a', 'validation': {'weighted_mse': 0.01297341100871563, 'mae': 0.09055566042661667, 'worst10': 0.04551197960972786}, 'check': {'weighted_mse': 0.023202041164040565, 'mae': 0.12832961976528168, 'worst10': 0.07180683314800262}, 'test': {'weighted_mse': 0.026194186881184578, 'mae': 0.13796141743659973, 'worst10': 0.07687323540449142}, 'selected_arch_matches_frozen': True, 'candidate_order_matches_frozen': True, 'validation_matches_frozen': True, 'check_matches_frozen': True, 'test_matches_frozen': True, 'test_opened_after_timing_and_selection': True}"
True,4,16,c983_h4_k20_bmedium,983,B,medium,4,20,13.752404299913906,12,12,0,995959,True,False,False,False,"{'selected_arch_idx': 0, 'selected_state_sha256': '2655c3be07dc6b47f7305bdf6323a2bdf0b166149de73a878d7bf1fa0bf6f309', 'validation': {'weighted_mse': 0.009990389458835125, 'mae': 0.08118272572755814, 'worst10': 0.03732679784297943}, 'check': {'weighted_mse': 0.016275852918624878, 'mae': 0.10944095253944397, 'worst10': 0.0468309223651886}, 'test': {'weighted_mse': 0.018916161730885506, 'mae': 0.11978959292173386, 'worst10': 0.05606983229517937}, 'selected_arch_matches_frozen': True, 'candidate_order_matches_frozen': True, 'validation_matches_frozen': True, 'check_matches_frozen': True, 'test_matches_frozen': True, 'test_opened_after_timing_and_selection': True}"
True,4,17,c984_h1_k10_bmedium,984,A,medium,1,10,20.175197300035506,12,12,56,996327,True,False,False,False,"{'selected_arch_idx': 56, 'selected_state_sha256': 'ae0a0e3f91aa27bcd7a977f6828899fe25fc3a17fd25033b481b3eed077aa21d', 'validation': {'weighted_mse': 0.0030634368304163218, 'mae': 0.04427472501993179, 'worst10': 0.012982017360627651}, 'check': {'weighted_mse': 0.0027300468645989895, 'mae': 0.04136454313993454, 'worst10': 0.012368693016469479}, 'test': {'weighted_mse': 0.002473466796800494, 'mae': 0.03944574296474457, 'worst10': 0.010711373761296272}, 'selected_arch_matches_frozen': True, 'candidate_order_matches_frozen': True, 'validation_matches_frozen': True, 'check_matches_frozen': True, 'test_matches_frozen': True, 'test_opened_after_timing_and_selection': True}"
True,4,18,c984_h1_k20_bmedium,984,A,medium,1,20,14.750733599998057,12,12,56,996857,True,False,False,False,"{'selected_arch_idx': 56, 'selected_state_sha256': '9f4caac60f64bbd3cb9cdf0c9d85c712f8513d99000928978410105e047fab58', 'validation': {'weighted_mse': 0.0032033484894782305, 'mae': 0.04541687294840813, 'worst10': 0.013387160375714302}, 'check': {'weighted_mse': 0.0029340917244553566, 'mae': 0.04336415231227875, 'worst10': 0.012595399282872677}, 'test': {'weighted_mse': 0.002724803751334548, 'mae': 0.041940636932849884, 'worst10': 0.011667282320559025}, 'selected_arch_matches_frozen': True, 'candidate_order_matches_frozen': True, 'validation_matches_frozen': True, 'check_matches_frozen': True, 'test_matches_frozen': True, 'test_opened_after_timing_and_selection': True}"
True,4,19,c984_h4_k10_bmedium,984,A,medium,4,10,17.116879499983042,12,12,26,996438,True,False,False,False,"{'selected_arch_idx': 26, 'selected_state_sha256': '05067134d25e115c0f037ccd91c4b4a76eff82a81a642b220e4051070f1a1741', 'validation': {'weighted_mse': 0.008281148970127106, 'mae': 0.07180403172969818, 'worst10': 0.02358328551054001}, 'check': {'weighted_mse': 0.008304467424750328, 'mae': 0.07109673321247101, 'worst10': 0.02424057014286518}, 'test': {'weighted_mse': 0.0075516351498663425, 'mae': 0.06924885511398315, 'worst10': 0.02060895413160324}, 'selected_arch_matches_frozen': True, 'candidate_order_matches_frozen': True, 'validation_matches_frozen': True, 'check_matches_frozen': True, 'test_matches_frozen': True, 'test_opened_after_timing_and_selection': True}"
True,4,20,c984_h4_k20_bmedium,984,A,medium,4,20,11.00465790007729,12,12,0,996968,True,False,False,False,"{'selected_arch_idx': 0, 'selected_state_sha256': 'c92820f5f69d232ff2f4695519a897a104973f186a272de55952a7b6520fdf73', 'validation': {'weighted_mse': 0.004838316701352596, 'mae': 0.05629211291670799, 'worst10': 0.016683027148246765}, 'check': {'weighted_mse': 0.004853484220802784, 'mae': 0.0569835789501667, 'worst10': 0.015604224987328053}, 'test': {'weighted_mse': 0.005204250104725361, 'mae': 0.0598439946770668, 'worst10': 0.01721579022705555}, 'selected_arch_matches_frozen': True, 'candidate_order_matches_frozen': True, 'validation_matches_frozen': True, 'check_matches_frozen': True, 'test_matches_frozen': True, 'test_opened_after_timing_and_selection': True}"
True,4,21,c985_h1_k10_btight,985,B,tight,1,10,16.240667899954133,12,12,31,997336,True,False,False,False,"{'selected_arch_idx': 31, 'selected_state_sha256': 'd2c2b3749c3c05b94f664d5d4dabf5d7c0ce704d0aede6104b2b7d8e2b814371', 'validation': {'weighted_mse': 0.00782532524317503, 'mae': 0.0709044337272644, 'worst10': 0.034153591841459274}, 'check': {'weighted_mse': 0.010280938819050789, 'mae': 0.07814192771911621, 'worst10': 0.05274323374032974}, 'test': {'weighted_mse': 0.007291590794920921, 'mae': 0.0675150454044342, 'worst10': 0.03238128498196602}, 'selected_arch_matches_frozen': True, 'candidate_order_matches_frozen': True, 'validation_matches_frozen': True, 'check_matches_frozen': True, 'test_matches_frozen': True, 'test_opened_after_timing_and_selection': True}"
True,4,22,c985_h1_k20_btight,985,B,tight,1,20,15.514939300017431,12,12,33,997866,True,False,False,False,"{'selected_arch_idx': 33, 'selected_state_sha256': '732f3623c3e9e84d7161654665918e17a42cdf16cc279dbf7c03113c51ac8d1a', 'validation': {'weighted_mse': 0.0068566398695111275, 'mae': 0.06674749404191971, 'worst10': 0.02890903316438198}, 'check': {'weighted_mse': 0.009025806561112404, 'mae': 0.07526232302188873, 'worst10': 0.04127587750554085}, 'test': {'weighted_mse': 0.00950917974114418, 'mae': 0.08016535639762878, 'worst10': 0.038612332195043564}, 'selected_arch_matches_frozen': True, 'candidate_order_matches_frozen': True, 'validation_matches_frozen': True, 'check_matches_frozen': True, 'test_matches_frozen': True, 'test_opened_after_timing_and_selection': True}"
True,4,23,c985_h4_k10_btight,985,B,tight,4,10,13.51734799996484,12,12,57,997447,True,False,False,False,"{'selected_arch_idx': 57, 'selected_state_sha256': '6a44f0f21983285edfa9d6f63029c20b2b5f560524d5fc6d1a82a1d3917c8330', 'validation': {'weighted_mse': 0.012775999493896961, 'mae': 0.09146276861429214, 'worst10': 0.03729231655597687}, 'check': {'weighted_mse': 0.015397352166473866, 'mae': 0.10007806122303009, 'worst10': 0.0522306002676487}, 'test': {'weighted_mse': 0.016803445294499397, 'mae': 0.10626576840877533, 'worst10': 0.05108850076794624}, 'selected_arch_matches_frozen': True, 'candidate_order_matches_frozen': True, 'validation_matches_frozen': True, 'check_matches_frozen': True, 'test_matches_frozen': True, 'test_opened_after_timing_and_selection': True}"
True,4,24,c985_h4_k20_btight,985,B,tight,4,20,14.495581800001673,12,12,46,997977,True,False,False,False,"{'selected_arch_idx': 46, 'selected_state_sha256': '04c5fcd06d80e7b4c47c1f951ce276fc02205d63cc827a4e73847d7a2274398f', 'validation': {'weighted_mse': 0.011053439229726791, 'mae': 0.0856110081076622, 'worst10': 0.037202008068561554}, 'check': {'weighted_mse': 0.015254820697009563, 'mae': 0.09776001423597336, 'worst10': 0.0617542490363121}, 'test': {'weighted_mse': 0.015563329681754112, 'mae': 0.10335292667150497, 'worst10': 0.04856811836361885}, 'selected_arch_matches_frozen': True, 'candidate_order_matches_frozen': True, 'validation_matches_frozen': True, 'check_matches_frozen': True, 'test_matches_frozen': True, 'test_opened_after_timing_and_selection': True}"
True,4,25,c986_h1_k10_bmedium,986,A,medium,1,10,13.259641999960877,12,12,63,998345,True,False,False,False,"{'selected_arch_idx': 63, 'selected_state_sha256': '8462d41591473438432c7196f076e5ec4b16bcb30d31a8e9552b316eaa8dd0f1', 'validation': {'weighted_mse': 0.004424020182341337, 'mae': 0.054264381527900696, 'worst10': 0.01697915978729725}, 'check': {'weighted_mse': 0.005257606040686369, 'mae': 0.059950556606054306, 'worst10': 0.02009827271103859}, 'test': {'weighted_mse': 0.0041354564018547535, 'mae': 0.05115266889333725, 'worst10': 0.01788090355694294}, 'selected_arch_matches_frozen': True, 'candidate_order_matches_frozen': True, 'validation_matches_frozen': True, 'check_matches_frozen': True, 'test_matches_frozen': True, 'test_opened_after_timing_and_selection': True}"
True,4,26,c986_h1_k20_bmedium,986,A,medium,1,20,25.568830400006846,12,12,63,998875,True,False,False,False,"{'selected_arch_idx': 63, 'selected_state_sha256': '6b5edd705b63733d75a7dd23119341324e2d0356a9bf2d86463385384503dcbe', 'validation': {'weighted_mse': 0.0033273512963205576, 'mae': 0.0475650280714035, 'worst10': 0.012855974026024342}, 'check': {'weighted_mse': 0.004022351466119289, 'mae': 0.05198037624359131, 'worst10': 0.01547032967209816}, 'test': {'weighted_mse': 0.0031141971703618765, 'mae': 0.044815048575401306, 'worst10': 0.013665838167071342}, 'selected_arch_matches_frozen': True, 'candidate_order_matches_frozen': True, 'validation_matches_frozen': True, 'check_matches_frozen': True, 'test_matches_frozen': True, 'test_opened_after_timing_and_selection': True}"
True,4,27,c986_h4_k10_bmedium,986,A,medium,4,10,10.507281399914064,12,12,0,998456,True,False,False,False,"{'selected_arch_idx': 0, 'selected_state_sha256': '2db4cedb5f391795b778bb357fea184ce7627348a16223adecb4411ad311f890', 'validation': {'weighted_mse': 0.005357407499104738, 'mae': 0.059548914432525635, 'worst10': 0.019415656104683876}, 'check': {'weighted_mse': 0.006117695476859808, 'mae': 0.06408048421144485, 'worst10': 0.021915985271334648}, 'test': {'weighted_mse': 0.004769600927829742, 'mae': 0.0554625429213047, 'worst10': 0.018857980147004128}, 'selected_arch_matches_frozen': True, 'candidate_order_matches_frozen': True, 'validation_matches_frozen': True, 'check_matches_frozen': True, 'test_matches_frozen': True, 'test_opened_after_timing_and_selection': True}"
True,4,28,c986_h4_k20_bmedium,986,A,medium,4,20,13.686085000052117,12,12,0,998986,True,False,False,False,"{'selected_arch_idx': 0, 'selected_state_sha256': 'c105a90a70b2d4ecae17fd091eb3ec390ec54cfcf2b902c5b06968f9d72d4200', 'validation': {'weighted_mse': 0.0038862053770571947, 'mae': 0.05104820057749748, 'worst10': 0.013578571379184723}, 'check': {'weighted_mse': 0.004515185486525297, 'mae': 0.05486811324954033, 'worst10': 0.015258925035595894}, 'test': {'weighted_mse': 0.003529471578076482, 'mae': 0.04831114411354065, 'worst10': 0.012789973989129066}, 'selected_arch_matches_frozen': True, 'candidate_order_matches_frozen': True, 'validation_matches_frozen': True, 'check_matches_frozen': True, 'test_matches_frozen': True, 'test_opened_after_timing_and_selection': True}"
True,4,29,c987_h1_k10_bmedium,987,C,medium,1,10,11.474775900016539,12,12,6,999354,True,False,False,False,"{'selected_arch_idx': 6, 'selected_state_sha256': '904483eb66a2f6f13ae187643681cca7ef703e5995fea27ff86e31382d53460b', 'validation': {'weighted_mse': 0.010445901192724705, 'mae': 0.08423782885074615, 'worst10': 0.03984137624502182}, 'check': {'weighted_mse': 0.010519267991185188, 'mae': 0.08429381251335144, 'worst10': 0.040576446801424026}, 'test': {'weighted_mse': 0.01145543809980154, 'mae': 0.0884687528014183, 'worst10': 0.042260099202394485}, 'selected_arch_matches_frozen': True, 'candidate_order_matches_frozen': True, 'validation_matches_frozen': True, 'check_matches_frozen': True, 'test_matches_frozen': True, 'test_opened_after_timing_and_selection': True}"
True,4,30,c987_h1_k20_bmedium,987,C,medium,1,20,26.300555300083943,12,12,7,999884,True,False,False,False,"{'selected_arch_idx': 7, 'selected_state_sha256': '61d2e2c54fcc1db239d51447580963e5bae74cf0fa84992010d139e800c5e661', 'validation': {'weighted_mse': 0.010899999178946018, 'mae': 0.0871112048625946, 'worst10': 0.040226131677627563}, 'check': {'weighted_mse': 0.010826020501554012, 'mae': 0.08603918552398682, 'worst10': 0.041695717722177505}, 'test': {'weighted_mse': 0.011884575709700584, 'mae': 0.0902152806520462, 'worst10': 0.04399477317929268}, 'selected_arch_matches_frozen': True, 'candidate_order_matches_frozen': True, 'validation_matches_frozen': True, 'check_matches_frozen': True, 'test_matches_frozen': True, 'test_opened_after_timing_and_selection': True}"
True,4,31,c987_h4_k10_bmedium,987,C,medium,4,10,24.953594299964607,12,12,50,999465,True,False,False,False,"{'selected_arch_idx': 50, 'selected_state_sha256': '9d5bb80db7aac9a195d997b226b49a493f32467ee4f2c8f958da3a0ca31b8bf3', 'validation': {'weighted_mse': 0.016224060207605362, 'mae': 0.10380306094884872, 'worst10': 0.04618345946073532}, 'check': {'weighted_mse': 0.016067298129200935, 'mae': 0.10329640656709671, 'worst10': 0.04847025126218796}, 'test': {'weighted_mse': 0.016155481338500977, 'mae': 0.10287410765886307, 'worst10': 0.04548868536949158}, 'selected_arch_matches_frozen': True, 'candidate_order_matches_frozen': True, 'validation_matches_frozen': True, 'check_matches_frozen': True, 'test_matches_frozen': True, 'test_opened_after_timing_and_selection': True}"
True,4,32,c987_h4_k20_bmedium,987,C,medium,4,20,26.493111800053157,12,12,51,999995,True,False,False,False,"{'selected_arch_idx': 51, 'selected_state_sha256': '81066cf2afd26169f6aae146e4d69ff6e134746f04bb25948fb24b6d26cb9bc6', 'validation': {'weighted_mse': 0.02033994160592556, 'mae': 0.11541855335235596, 'worst10': 0.05764070153236389}, 'check': {'weighted_mse': 0.021222509443759918, 'mae': 0.11805062741041183, 'worst10': 0.0619211308658123}, 'test': {'weighted_mse': 0.020703444257378578, 'mae': 0.11579000949859619, 'worst10': 0.06179293990135193}, 'selected_arch_matches_frozen': True, 'candidate_order_matches_frozen': True, 'validation_matches_frozen': True, 'check_matches_frozen': True, 'test_matches_frozen': True, 'test_opened_after_timing_and_selection': True}"
True,4,33,c988_h1_k10_bloose,988,C,loose,1,10,14.582733600051142,12,12,64,1000363,True,False,False,False,"{'selected_arch_idx': 64, 'selected_state_sha256': '5cffdd7608dbc9dc35da853a1083418b0525579627d70badf76a0877ac735eed', 'validation': {'weighted_mse': 0.010937380604445934, 'mae': 0.08483991026878357, 'worst10': 0.04377659782767296}, 'check': {'weighted_mse': 0.01637667417526245, 'mae': 0.10834882408380508, 'worst10': 0.05377289280295372}, 'test': {'weighted_mse': 0.01607622765004635, 'mae': 0.10736119002103806, 'worst10': 0.05535319074988365}, 'selected_arch_matches_frozen': True, 'candidate_order_matches_frozen': True, 'validation_matches_frozen': True, 'check_matches_frozen': True, 'test_matches_frozen': True, 'test_opened_after_timing_and_selection': True}"
True,4,34,c988_h1_k20_bloose,988,C,loose,1,20,18.341864100075327,12,12,61,1000893,True,False,False,False,"{'selected_arch_idx': 61, 'selected_state_sha256': 'eab911375c646abec47639e785e26a1f83a65dd784f88f000429279e130c9734', 'validation': {'weighted_mse': 0.010687724687159061, 'mae': 0.08510240167379379, 'worst10': 0.041316818445920944}, 'check': {'weighted_mse': 0.011510046198964119, 'mae': 0.089784175157547, 'worst10': 0.04045218974351883}, 'test': {'weighted_mse': 0.011343784630298615, 'mae': 0.08773942291736603, 'worst10': 0.04398147761821747}, 'selected_arch_matches_frozen': True, 'candidate_order_matches_frozen': True, 'validation_matches_frozen': True, 'check_matches_frozen': True, 'test_matches_frozen': True, 'test_opened_after_timing_and_selection': True}"
True,4,35,c988_h4_k10_bloose,988,C,loose,4,10,19.58220750000328,12,12,50,1000474,True,False,False,False,"{'selected_arch_idx': 50, 'selected_state_sha256': 'b7b0b2ce1036b1e194cb7ced9a17f0ca5661ab26b25c49c6f60e1d4c479ffe94', 'validation': {'weighted_mse': 0.018243491649627686, 'mae': 0.10733170062303543, 'worst10': 0.06813028454780579}, 'check': {'weighted_mse': 0.025566978380084038, 'mae': 0.13380558788776398, 'worst10': 0.07823720574378967}, 'test': {'weighted_mse': 0.02726578153669834, 'mae': 0.14111971855163574, 'worst10': 0.0787537470459938}, 'selected_arch_matches_frozen': True, 'candidate_order_matches_frozen': True, 'validation_matches_frozen': True, 'check_matches_frozen': True, 'test_matches_frozen': True, 'test_opened_after_timing_and_selection': True}"
True,4,36,c988_h4_k20_bloose,988,C,loose,4,20,33.6179333999753,12,12,49,1001004,True,False,False,False,"{'selected_arch_idx': 49, 'selected_state_sha256': '2580b6dca23e59110b4b4cbcd8010b55623f970c59b34b329faece09fc4b2496', 'validation': {'weighted_mse': 0.018732285127043724, 'mae': 0.10998373478651047, 'worst10': 0.06302514672279358}, 'check': {'weighted_mse': 0.021576764062047005, 'mae': 0.11781413108110428, 'worst10': 0.07333436608314514}, 'test': {'weighted_mse': 0.02152160182595253, 'mae': 0.11812952905893326, 'worst10': 0.07243135571479797}, 'selected_arch_matches_frozen': True, 'candidate_order_matches_frozen': True, 'validation_matches_frozen': True, 'check_matches_frozen': True, 'test_matches_frozen': True, 'test_opened_after_timing_and_selection': True}"
True,4,37,c989_h1_k10_bmedium,989,B,medium,1,10,8.526265099993907,12,12,12,1001372,True,False,False,False,"{'selected_arch_idx': 12, 'selected_state_sha256': '144ec13c36b71b0263be9171399b5b370588982089740c8d368a530d84806667', 'validation': {'weighted_mse': 0.009137979708611965, 'mae': 0.07978451251983643, 'worst10': 0.03262842446565628}, 'check': {'weighted_mse': 0.008894956670701504, 'mae': 0.0787721648812294, 'worst10': 0.030369196087121964}, 'test': {'weighted_mse': 0.010274212807416916, 'mae': 0.08339985460042953, 'worst10': 0.04007332772016525}, 'selected_arch_matches_frozen': True, 'candidate_order_matches_frozen': True, 'validation_matches_frozen': True, 'check_matches_frozen': True, 'test_matches_frozen': True, 'test_opened_after_timing_and_selection': True}"
True,4,38,c989_h1_k20_bmedium,989,B,medium,1,20,15.659843800007366,12,12,56,1001902,True,False,False,False,"{'selected_arch_idx': 56, 'selected_state_sha256': 'd0465663873539c8dce895e201ac28495692b0d2e9bb9bac26735e479b9a9344', 'validation': {'weighted_mse': 0.00709114782512188, 'mae': 0.06862805783748627, 'worst10': 0.027851251885294914}, 'check': {'weighted_mse': 0.007505776826292276, 'mae': 0.07030671834945679, 'worst10': 0.030209340155124664}, 'test': {'weighted_mse': 0.007727331947535276, 'mae': 0.07288749516010284, 'worst10': 0.030340097844600677}, 'selected_arch_matches_frozen': True, 'candidate_order_matches_frozen': True, 'validation_matches_frozen': True, 'check_matches_frozen': True, 'test_matches_frozen': True, 'test_opened_after_timing_and_selection': True}"
True,4,39,c989_h4_k10_bmedium,989,B,medium,4,10,14.269623200059868,12,12,50,1001483,True,False,False,False,"{'selected_arch_idx': 50, 'selected_state_sha256': '8add5d2544af5fe658ac15520abc2ad542c304c98c317c4db97bb250d428fe2d', 'validation': {'weighted_mse': 0.013228941708803177, 'mae': 0.092693991959095, 'worst10': 0.04716155305504799}, 'check': {'weighted_mse': 0.013467838056385517, 'mae': 0.0921640545129776, 'worst10': 0.051680680364370346}, 'test': {'weighted_mse': 0.0155916977673769, 'mae': 0.09865603595972061, 'worst10': 0.06278223544359207}, 'selected_arch_matches_frozen': True, 'candidate_order_matches_frozen': True, 'validation_matches_frozen': True, 'check_matches_frozen': True, 'test_matches_frozen': True, 'test_opened_after_timing_and_selection': True}"
True,4,40,c989_h4_k20_bmedium,989,B,medium,4,20,18.777421499951743,12,12,28,1002013,True,False,False,False,"{'selected_arch_idx': 28, 'selected_state_sha256': '986de215378a3b9330d3eb56effd6ca20fd8d0e780cdd2df6c4a1a2b8e9d2077', 'validation': {'weighted_mse': 0.015419000759720802, 'mae': 0.09840565919876099, 'worst10': 0.05307032912969589}, 'check': {'weighted_mse': 0.016143569722771645, 'mae': 0.10092812031507492, 'worst10': 0.06006903946399689}, 'test': {'weighted_mse': 0.01701366901397705, 'mae': 0.10385473817586899, 'worst10': 0.06131187826395035}, 'selected_arch_matches_frozen': True, 'candidate_order_matches_frozen': True, 'validation_matches_frozen': True, 'check_matches_frozen': True, 'test_matches_frozen': True, 'test_opened_after_timing_and_selection': True}"
True,4,41,c990_h1_k10_bmedium,990,A,medium,1,10,16.593591200071387,12,12,6,1002381,True,False,False,False,"{'selected_arch_idx': 6, 'selected_state_sha256': '97ef56ff01e759a1423b499209fe8af3c64f3c7575b2d90b10cac71507935a5e', 'validation': {'weighted_mse': 0.0026136261876672506, 'mae': 0.041899267584085464, 'worst10': 0.010251599363982677}, 'check': {'weighted_mse': 0.0037734205834567547, 'mae': 0.04739755764603615, 'worst10': 0.018054772168397903}, 'test': {'weighted_mse': 0.003174028592184186, 'mae': 0.04637351632118225, 'worst10': 0.011768803931772709}, 'selected_arch_matches_frozen': True, 'candidate_order_matches_frozen': True, 'validation_matches_frozen': True, 'check_matches_frozen': True, 'test_matches_frozen': True, 'test_opened_after_timing_and_selection': True}"
True,4,42,c990_h1_k20_bmedium,990,A,medium,1,20,32.562379400013015,12,12,7,1002911,True,False,False,False,"{'selected_arch_idx': 7, 'selected_state_sha256': 'ac500efef60772f52035f78e2dfb213dd71e46262f443adb6558acf6b8d04c54', 'validation': {'weighted_mse': 0.003222923493012786, 'mae': 0.04661349207162857, 'worst10': 0.012199838645756245}, 'check': {'weighted_mse': 0.0044938805513083935, 'mae': 0.05195195972919464, 'worst10': 0.020974665880203247}, 'test': {'weighted_mse': 0.003783778753131628, 'mae': 0.05061072111129761, 'worst10': 0.013796085491776466}, 'selected_arch_matches_frozen': True, 'candidate_order_matches_frozen': True, 'validation_matches_frozen': True, 'check_matches_frozen': True, 'test_matches_frozen': True, 'test_opened_after_timing_and_selection': True}"
True,4,43,c990_h4_k10_bmedium,990,A,medium,4,10,14.375135900103487,12,12,46,1002492,True,False,False,False,"{'selected_arch_idx': 46, 'selected_state_sha256': 'd29bd9e26938f803a4c8c34a0c3a13bff571c4360fe0717060b41b4f3a76a16b', 'validation': {'weighted_mse': 0.004690469708293676, 'mae': 0.05524938926100731, 'worst10': 0.015346255153417587}, 'check': {'weighted_mse': 0.005775380413979292, 'mae': 0.059867922216653824, 'worst10': 0.021411066874861717}, 'test': {'weighted_mse': 0.004841405898332596, 'mae': 0.056367598474025726, 'worst10': 0.015579309314489365}, 'selected_arch_matches_frozen': True, 'candidate_order_matches_frozen': True, 'validation_matches_frozen': True, 'check_matches_frozen': True, 'test_matches_frozen': True, 'test_opened_after_timing_and_selection': True}"
True,4,44,c990_h4_k20_bmedium,990,A,medium,4,20,24.01975019997917,12,12,50,1003022,True,False,False,False,"{'selected_arch_idx': 50, 'selected_state_sha256': 'd5326115b950575a2113c0faf6690dbd10a09c67153dc89e5731a3f55ee7ec8f', 'validation': {'weighted_mse': 0.004762687254697084, 'mae': 0.054672013968229294, 'worst10': 0.017911165952682495}, 'check': {'weighted_mse': 0.005761156789958477, 'mae': 0.059976495802402496, 'worst10': 0.021605513989925385}, 'test': {'weighted_mse': 0.0048149991780519485, 'mae': 0.055692099034786224, 'worst10': 0.016258850693702698}, 'selected_arch_matches_frozen': True, 'candidate_order_matches_frozen': True, 'validation_matches_frozen': True, 'check_matches_frozen': True, 'test_matches_frozen': True, 'test_opened_after_timing_and_selection': True}"
True,4,45,c991_h1_k10_bmedium,991,B,medium,1,10,25.053618099889718,12,12,63,1003390,True,False,False,False,"{'selected_arch_idx': 63, 'selected_state_sha256': '9a905dee8dda466827e3c8113aa44a2081579d04e27c04bbe063454c5356f397', 'validation': {'weighted_mse': 0.004920825362205505, 'mae': 0.05604341998696327, 'worst10': 0.020578181371092796}, 'check': {'weighted_mse': 0.0051620714366436005, 'mae': 0.057413868606090546, 'worst10': 0.020881034433841705}, 'test': {'weighted_mse': 0.005536715500056744, 'mae': 0.05908793956041336, 'worst10': 0.023518560454249382}, 'selected_arch_matches_frozen': True, 'candidate_order_matches_frozen': True, 'validation_matches_frozen': True, 'check_matches_frozen': True, 'test_matches_frozen': True, 'test_opened_after_timing_and_selection': True}"
True,4,46,c991_h1_k20_bmedium,991,B,medium,1,20,23.384696100023575,12,12,54,1003920,True,False,False,False,"{'selected_arch_idx': 54, 'selected_state_sha256': '7f14fb3259070f619ff3d7680212706fc1f350bbd577fc855825630da890d434', 'validation': {'weighted_mse': 0.007180613931268454, 'mae': 0.06749306619167328, 'worst10': 0.03265930712223053}, 'check': {'weighted_mse': 0.006144266575574875, 'mae': 0.06316642463207245, 'worst10': 0.02489011362195015}, 'test': {'weighted_mse': 0.007833254523575306, 'mae': 0.07133214175701141, 'worst10': 0.03253408893942833}, 'selected_arch_matches_frozen': True, 'candidate_order_matches_frozen': True, 'validation_matches_frozen': True, 'check_matches_frozen': True, 'test_matches_frozen': True, 'test_opened_after_timing_and_selection': True}"
True,4,47,c991_h4_k10_bmedium,991,B,medium,4,10,18.980619700043462,12,12,49,1003501,True,False,False,False,"{'selected_arch_idx': 49, 'selected_state_sha256': 'd6e5936e4959e76c3b30bae7d346be7258ce6e733e399e627e7b44c2cb62155b', 'validation': {'weighted_mse': 0.01000955980271101, 'mae': 0.07973621785640717, 'worst10': 0.03518548980355263}, 'check': {'weighted_mse': 0.009991754777729511, 'mae': 0.08130413293838501, 'worst10': 0.03308654576539993}, 'test': {'weighted_mse': 0.009672091342508793, 'mae': 0.0793038085103035, 'worst10': 0.03297814354300499}, 'selected_arch_matches_frozen': True, 'candidate_order_matches_frozen': True, 'validation_matches_frozen': True, 'check_matches_frozen': True, 'test_matches_frozen': True, 'test_opened_after_timing_and_selection': True}"
True,4,48,c991_h4_k20_bmedium,991,B,medium,4,20,27.75268210005015,12,12,63,1004031,True,False,False,False,"{'selected_arch_idx': 63, 'selected_state_sha256': '4122c297db373081ebd3a230c16c33d077e89b79ea168006c405eeb379b46558', 'validation': {'weighted_mse': 0.0073281037621200085, 'mae': 0.06891153752803802, 'worst10': 0.02547110617160797}, 'check': {'weighted_mse': 0.005952842067927122, 'mae': 0.0630059614777565, 'worst10': 0.016394177451729774}, 'test': {'weighted_mse': 0.006591455079615116, 'mae': 0.06541987508535385, 'worst10': 0.02150159887969494}, 'selected_arch_matches_frozen': True, 'candidate_order_matches_frozen': True, 'validation_matches_frozen': True, 'check_matches_frozen': True, 'test_matches_frozen': True, 'test_opened_after_timing_and_selection': True}"
True,4,49,c992_h1_k10_bmedium,992,B,medium,1,10,16.521294599981047,12,12,63,1004399,True,False,False,False,"{'selected_arch_idx': 63, 'selected_state_sha256': 'f8ff0a854ee517d6d26e124edd6814fd64537dca8c8050010a641e48dad78710', 'validation': {'weighted_mse': 0.007571631111204624, 'mae': 0.07005783170461655, 'worst10': 0.03250102326273918}, 'check': {'weighted_mse': 0.008225473575294018, 'mae': 0.07422095537185669, 'worst10': 0.032642919570207596}, 'test': {'weighted_mse': 0.007407461293041706, 'mae': 0.06927899271249771, 'worst10': 0.03034668229520321}, 'selected_arch_matches_frozen': True, 'candidate_order_matches_frozen': True, 'validation_matches_frozen': True, 'check_matches_frozen': True, 'test_matches_frozen': True, 'test_opened_after_timing_and_selection': True}"
True,4,50,c992_h1_k20_bmedium,992,B,medium,1,20,10.84693060000427,12,12,36,1004929,True,False,False,False,"{'selected_arch_idx': 36, 'selected_state_sha256': 'bdc3fc88065765913f42fe6ac7b6fd2ab7312e970f0410f2cf52faadedaa0957', 'validation': {'weighted_mse': 0.009845070540904999, 'mae': 0.07844219356775284, 'worst10': 0.045750077813863754}, 'check': {'weighted_mse': 0.00983795989304781, 'mae': 0.08052664250135422, 'worst10': 0.0404641255736351}, 'test': {'weighted_mse': 0.009358743205666542, 'mae': 0.07843078672885895, 'worst10': 0.03938401862978935}, 'selected_arch_matches_frozen': True, 'candidate_order_matches_frozen': True, 'validation_matches_frozen': True, 'check_matches_frozen': True, 'test_matches_frozen': True, 'test_opened_after_timing_and_selection': True}"
True,4,51,c992_h4_k10_bmedium,992,B,medium,4,10,7.824361400096677,12,12,0,1004510,True,False,False,False,"{'selected_arch_idx': 0, 'selected_state_sha256': 'c2578b76bc3ba9500ac17575ebfc5154d2edefb03216de212d53583d1662c46d', 'validation': {'weighted_mse': 0.012121659703552723, 'mae': 0.09041699767112732, 'worst10': 0.04230736196041107}, 'check': {'weighted_mse': 0.011877643875777721, 'mae': 0.0916738510131836, 'worst10': 0.03633797541260719}, 'test': {'weighted_mse': 0.011763551272451878, 'mae': 0.08865921199321747, 'worst10': 0.03959460183978081}, 'selected_arch_matches_frozen': True, 'candidate_order_matches_frozen': True, 'validation_matches_frozen': True, 'check_matches_frozen': True, 'test_matches_frozen': True, 'test_opened_after_timing_and_selection': True}"
True,4,52,c992_h4_k20_bmedium,992,B,medium,4,20,15.665599100058898,12,12,46,1005040,True,False,False,False,"{'selected_arch_idx': 46, 'selected_state_sha256': 'aba4d84e996f3f90f3d5c4a791bbc73ef425fcba3a0eeb8c4b1df3821b993f09', 'validation': {'weighted_mse': 0.011385784484446049, 'mae': 0.08576143532991409, 'worst10': 0.03984517976641655}, 'check': {'weighted_mse': 0.011419042944908142, 'mae': 0.08618226647377014, 'worst10': 0.038876861333847046}, 'test': {'weighted_mse': 0.010834725573658943, 'mae': 0.08402623981237411, 'worst10': 0.03709247335791588}, 'selected_arch_matches_frozen': True, 'candidate_order_matches_frozen': True, 'validation_matches_frozen': True, 'check_matches_frozen': True, 'test_matches_frozen': True, 'test_opened_after_timing_and_selection': True}"
True,4,53,c993_h1_k10_bmedium,993,B,medium,1,10,12.480409400071949,12,12,28,1005408,True,False,False,False,"{'selected_arch_idx': 28, 'selected_state_sha256': '5f20f67d809b922f10500335c6bcef2f29ce658725f75797d896d82ca5794a3d', 'validation': {'weighted_mse': 0.014810798689723015, 'mae': 0.09856339544057846, 'worst10': 0.06096172332763672}, 'check': {'weighted_mse': 0.025259094312787056, 'mae': 0.13748782873153687, 'worst10': 0.08275137841701508}, 'test': {'weighted_mse': 0.024728696793317795, 'mae': 0.13681858777999878, 'worst10': 0.0768919363617897}, 'selected_arch_matches_frozen': True, 'candidate_order_matches_frozen': True, 'validation_matches_frozen': True, 'check_matches_frozen': True, 'test_matches_frozen': True, 'test_opened_after_timing_and_selection': True}"
True,4,54,c993_h1_k20_bmedium,993,B,medium,1,20,18.58045700006187,12,12,28,1005938,True,False,False,False,"{'selected_arch_idx': 28, 'selected_state_sha256': 'b2954b7215b1b814882fee8961b9ff82b732e80ddd8adeb8c80f96ada60509ca', 'validation': {'weighted_mse': 0.008812413550913334, 'mae': 0.07366384565830231, 'worst10': 0.040882740169763565}, 'check': {'weighted_mse': 0.014810619875788689, 'mae': 0.0998162105679512, 'worst10': 0.05865135416388512}, 'test': {'weighted_mse': 0.014039785601198673, 'mae': 0.09828213602304459, 'worst10': 0.05232931300997734}, 'selected_arch_matches_frozen': True, 'candidate_order_matches_frozen': True, 'validation_matches_frozen': True, 'check_matches_frozen': True, 'test_matches_frozen': True, 'test_opened_after_timing_and_selection': True}"
True,4,55,c993_h4_k10_bmedium,993,B,medium,4,10,25.007149700075388,12,12,35,1005519,True,False,False,False,"{'selected_arch_idx': 35, 'selected_state_sha256': '01ac6f9f6fdbe8742abb5a473f2c4868062d7f7bcb8fddea226d9f6d3c05942c', 'validation': {'weighted_mse': 0.0269340630620718, 'mae': 0.13340416550636292, 'worst10': 0.09235720336437225}, 'check': {'weighted_mse': 0.04551658406853676, 'mae': 0.18698588013648987, 'worst10': 0.12426644563674927}, 'test': {'weighted_mse': 0.0419851690530777, 'mae': 0.17898282408714294, 'worst10': 0.11264382302761078}, 'selected_arch_matches_frozen': True, 'candidate_order_matches_frozen': True, 'validation_matches_frozen': True, 'check_matches_frozen': True, 'test_matches_frozen': True, 'test_opened_after_timing_and_selection': True}"
True,4,56,c993_h4_k20_bmedium,993,B,medium,4,20,14.415151899913326,12,12,28,1006049,True,False,False,False,"{'selected_arch_idx': 28, 'selected_state_sha256': '02a9aa44950026eb0c6a55a6c24b8810a26714618445761fbddc11b407aaab5b', 'validation': {'weighted_mse': 0.015557759441435337, 'mae': 0.09983691573143005, 'worst10': 0.05307277664542198}, 'check': {'weighted_mse': 0.029205765575170517, 'mae': 0.14525945484638214, 'worst10': 0.08308745920658112}, 'test': {'weighted_mse': 0.0277189202606678, 'mae': 0.1417941004037857, 'worst10': 0.07505875825881958}, 'selected_arch_matches_frozen': True, 'candidate_order_matches_frozen': True, 'validation_matches_frozen': True, 'check_matches_frozen': True, 'test_matches_frozen': True, 'test_opened_after_timing_and_selection': True}"
True,4,57,c994_h1_k10_btight,994,A,tight,1,10,17.076133999973536,12,12,57,1006417,True,False,False,False,"{'selected_arch_idx': 57, 'selected_state_sha256': 'c2f010f9902d934c592c813e01c2db30b3207c4ea7d751511891064e9fb9357a', 'validation': {'weighted_mse': 0.002022841013967991, 'mae': 0.03671196475625038, 'worst10': 0.008423340506851673}, 'check': {'weighted_mse': 0.0019577399361878633, 'mae': 0.03551102429628372, 'worst10': 0.008802879601716995}, 'test': {'weighted_mse': 0.0030900954734534025, 'mae': 0.04227396473288536, 'worst10': 0.016446314752101898}, 'selected_arch_matches_frozen': True, 'candidate_order_matches_frozen': True, 'validation_matches_frozen': True, 'check_matches_frozen': True, 'test_matches_frozen': True, 'test_opened_after_timing_and_selection': True}"
True,4,58,c994_h1_k20_btight,994,A,tight,1,20,17.99228630005382,12,12,24,1006947,True,False,False,False,"{'selected_arch_idx': 24, 'selected_state_sha256': '67a2ac9958560504d7390c5a669329f053a1747a2a79e0cd0fb344174ecaec30', 'validation': {'weighted_mse': 0.0026236192788928747, 'mae': 0.04164663329720497, 'worst10': 0.011175856925547123}, 'check': {'weighted_mse': 0.002667544176802039, 'mae': 0.041494205594062805, 'worst10': 0.011116301640868187}, 'test': {'weighted_mse': 0.003601263277232647, 'mae': 0.046170104295015335, 'worst10': 0.019186919555068016}, 'selected_arch_matches_frozen': True, 'candidate_order_matches_frozen': True, 'validation_matches_frozen': True, 'check_matches_frozen': True, 'test_matches_frozen': True, 'test_opened_after_timing_and_selection': True}"
True,4,59,c994_h4_k10_btight,994,A,tight,4,10,22.486653200001456,12,12,47,1006528,True,False,False,False,"{'selected_arch_idx': 47, 'selected_state_sha256': 'f58a0f3759dd797cf29646b255cb9b39febf55fdc7ae6586def9176a72c2e4f7', 'validation': {'weighted_mse': 0.004887246992439032, 'mae': 0.05642808973789215, 'worst10': 0.014578483067452908}, 'check': {'weighted_mse': 0.004603634122759104, 'mae': 0.05460026487708092, 'worst10': 0.013689788989722729}, 'test': {'weighted_mse': 0.006049420218914747, 'mae': 0.060836926102638245, 'worst10': 0.024293240159749985}, 'selected_arch_matches_frozen': True, 'candidate_order_matches_frozen': True, 'validation_matches_frozen': True, 'check_matches_frozen': True, 'test_matches_frozen': True, 'test_opened_after_timing_and_selection': True}"
True,4,60,c994_h4_k20_btight,994,A,tight,4,20,12.77658310008701,12,12,46,1007058,True,False,False,False,"{'selected_arch_idx': 46, 'selected_state_sha256': 'c22eeb42a61f18c57d7a8d8fb286615d7e8663028017d47866a4b870f86a8aee', 'validation': {'weighted_mse': 0.004035578109323978, 'mae': 0.05157199129462242, 'worst10': 0.012131947092711926}, 'check': {'weighted_mse': 0.003998407628387213, 'mae': 0.05133969709277153, 'worst10': 0.012226729653775692}, 'test': {'weighted_mse': 0.005005254410207272, 'mae': 0.055475011467933655, 'worst10': 0.021016636863350868}, 'selected_arch_matches_frozen': True, 'candidate_order_matches_frozen': True, 'validation_matches_frozen': True, 'check_matches_frozen': True, 'test_matches_frozen': True, 'test_opened_after_timing_and_selection': True}"
True,4,61,c995_h1_k10_bmedium,995,C,medium,1,10,13.859917600057088,12,12,63,1007426,True,False,False,False,"{'selected_arch_idx': 63, 'selected_state_sha256': '23d98a5ed0844d956d4d3291371cfe11e696e530f047fc5f96cccea85180c098', 'validation': {'weighted_mse': 0.01384540181607008, 'mae': 0.09297115355730057, 'worst10': 0.062378890812397}, 'check': {'weighted_mse': 0.011006766930222511, 'mae': 0.0832577720284462, 'worst10': 0.04631196707487106}, 'test': {'weighted_mse': 0.013651633635163307, 'mae': 0.09098321944475174, 'worst10': 0.06445392966270447}, 'selected_arch_matches_frozen': True, 'candidate_order_matches_frozen': True, 'validation_matches_frozen': True, 'check_matches_frozen': True, 'test_matches_frozen': True, 'test_opened_after_timing_and_selection': True}"
True,4,62,c995_h1_k20_bmedium,995,C,medium,1,20,21.350664300029166,12,12,58,1007956,True,False,False,False,"{'selected_arch_idx': 58, 'selected_state_sha256': '19f6c8f96019b828b4f4d0c3c4ed206b259473d2088e46e9953c04c1efe0eaf1', 'validation': {'weighted_mse': 0.010263429954648018, 'mae': 0.08163443952798843, 'worst10': 0.04483291134238243}, 'check': {'weighted_mse': 0.00943952426314354, 'mae': 0.07898186147212982, 'worst10': 0.03786839172244072}, 'test': {'weighted_mse': 0.011103738099336624, 'mae': 0.0840843990445137, 'worst10': 0.04881973937153816}, 'selected_arch_matches_frozen': True, 'candidate_order_matches_frozen': True, 'validation_matches_frozen': True, 'check_matches_frozen': True, 'test_matches_frozen': True, 'test_opened_after_timing_and_selection': True}"
True,4,63,c995_h4_k10_bmedium,995,C,medium,4,10,16.89324480004143,12,12,49,1007537,True,False,False,False,"{'selected_arch_idx': 49, 'selected_state_sha256': '6a0f5c0014b306963923c4c0993868f1b31ff5362cee56cbda0d643a24063574', 'validation': {'weighted_mse': 0.027217213064432144, 'mae': 0.13076160848140717, 'worst10': 0.08804930746555328}, 'check': {'weighted_mse': 0.022219227626919746, 'mae': 0.11866109818220139, 'worst10': 0.06690917164087296}, 'test': {'weighted_mse': 0.029801009222865105, 'mae': 0.13614998757839203, 'worst10': 0.0945732519030571}, 'selected_arch_matches_frozen': True, 'candidate_order_matches_frozen': True, 'validation_matches_frozen': True, 'check_matches_frozen': True, 'test_matches_frozen': True, 'test_opened_after_timing_and_selection': True}"
True,4,64,c995_h4_k20_bmedium,995,C,medium,4,20,17.316686799982563,12,12,0,1008067,True,False,False,False,"{'selected_arch_idx': 0, 'selected_state_sha256': '5972943af344e547f777b352345765670a3ea3485a6d741f556c2808a8861ca5', 'validation': {'weighted_mse': 0.014211421832442284, 'mae': 0.09459199756383896, 'worst10': 0.05868247523903847}, 'check': {'weighted_mse': 0.010746625252068043, 'mae': 0.08505360037088394, 'worst10': 0.03428357467055321}, 'test': {'weighted_mse': 0.015493392944335938, 'mae': 0.09931199252605438, 'worst10': 0.05834776908159256}, 'selected_arch_matches_frozen': True, 'candidate_order_matches_frozen': True, 'validation_matches_frozen': True, 'check_matches_frozen': True, 'test_matches_frozen': True, 'test_opened_after_timing_and_selection': True}"
True,4,65,c996_h1_k10_btight,996,A,tight,1,10,13.652567300014198,12,12,35,1008435,True,False,False,False,"{'selected_arch_idx': 35, 'selected_state_sha256': 'a9157448cb77300f046207cd7d261d44bfe111baa9990ec93bf340bb168f2595', 'validation': {'weighted_mse': 0.0055505759082734585, 'mae': 0.060513950884342194, 'worst10': 0.02310858480632305}, 'check': {'weighted_mse': 0.004394100978970528, 'mae': 0.05272209271788597, 'worst10': 0.019276181235909462}, 'test': {'weighted_mse': 0.004919011145830154, 'mae': 0.056781165301799774, 'worst10': 0.02037489414215088}, 'selected_arch_matches_frozen': True, 'candidate_order_matches_frozen': True, 'validation_matches_frozen': True, 'check_matches_frozen': True, 'test_matches_frozen': True, 'test_opened_after_timing_and_selection': True}"
True,4,66,c996_h1_k20_btight,996,A,tight,1,20,13.56224680005107,12,12,45,1008965,True,False,False,False,"{'selected_arch_idx': 45, 'selected_state_sha256': '928425993cae9b68ecbcf95e3cd13e3f0856f6e8416f3334aa5fe676179c217c', 'validation': {'weighted_mse': 0.004494486842304468, 'mae': 0.05194947496056557, 'worst10': 0.022166790440678596}, 'check': {'weighted_mse': 0.004908734932541847, 'mae': 0.05380934476852417, 'worst10': 0.02518358826637268}, 'test': {'weighted_mse': 0.0037950705736875534, 'mae': 0.048635002225637436, 'worst10': 0.0185744259506464}, 'selected_arch_matches_frozen': True, 'candidate_order_matches_frozen': True, 'validation_matches_frozen': True, 'check_matches_frozen': True, 'test_matches_frozen': True, 'test_opened_after_timing_and_selection': True}"
True,4,67,c996_h4_k10_btight,996,A,tight,4,10,10.771284300019033,12,12,20,1008546,True,False,False,False,"{'selected_arch_idx': 20, 'selected_state_sha256': '0c4b40725a42710e88097c557c86125effd164bf7f541bda5ab2fb68d7349aed', 'validation': {'weighted_mse': 0.014891956932842731, 'mae': 0.09987147152423859, 'worst10': 0.05145053565502167}, 'check': {'weighted_mse': 0.015375161543488503, 'mae': 0.10356658697128296, 'worst10': 0.046902842819690704}, 'test': {'weighted_mse': 0.013493528589606285, 'mae': 0.09594780206680298, 'worst10': 0.04330555722117424}, 'selected_arch_matches_frozen': True, 'candidate_order_matches_frozen': True, 'validation_matches_frozen': True, 'check_matches_frozen': True, 'test_matches_frozen': True, 'test_opened_after_timing_and_selection': True}"
True,4,68,c996_h4_k20_btight,996,A,tight,4,20,22.434589899959974,12,12,46,1009076,True,False,False,False,"{'selected_arch_idx': 46, 'selected_state_sha256': 'c39d13d11fb19fb9a5662f303dd049a8ae316a3393eb24e59b4366401d340ba8', 'validation': {'weighted_mse': 0.006884565576910973, 'mae': 0.0665406659245491, 'worst10': 0.02470390498638153}, 'check': {'weighted_mse': 0.006791303865611553, 'mae': 0.06745918095111847, 'worst10': 0.02287440001964569}, 'test': {'weighted_mse': 0.005997930187731981, 'mae': 0.06302496790885925, 'worst10': 0.019697558134794235}, 'selected_arch_matches_frozen': True, 'candidate_order_matches_frozen': True, 'validation_matches_frozen': True, 'check_matches_frozen': True, 'test_matches_frozen': True, 'test_opened_after_timing_and_selection': True}"
True,4,69,c997_h1_k10_bmedium,997,B,medium,1,10,13.199495099950582,12,12,45,1009444,True,False,False,False,"{'selected_arch_idx': 45, 'selected_state_sha256': '563a8125bc147c7f233deabd37742e01c9faebf2dbde986004b4362dbb1829df', 'validation': {'weighted_mse': 0.010849375277757645, 'mae': 0.08272192627191544, 'worst10': 0.04942438378930092}, 'check': {'weighted_mse': 0.014496343210339546, 'mae': 0.0957484021782875, 'worst10': 0.06289894878864288}, 'test': {'weighted_mse': 0.013338168151676655, 'mae': 0.091421939432621, 'worst10': 0.05961259454488754}, 'selected_arch_matches_frozen': True, 'candidate_order_matches_frozen': True, 'validation_matches_frozen': True, 'check_matches_frozen': True, 'test_matches_frozen': True, 'test_opened_after_timing_and_selection': True}"
True,4,70,c997_h1_k20_bmedium,997,B,medium,1,20,14.96341329999268,12,12,49,1009974,True,False,False,False,"{'selected_arch_idx': 49, 'selected_state_sha256': '934224c9a2ee47d725935c78c4a00d9a96e2dc571788c36575f2261d13caabb6', 'validation': {'weighted_mse': 0.008955627679824829, 'mae': 0.07494726777076721, 'worst10': 0.04033973440527916}, 'check': {'weighted_mse': 0.013339681550860405, 'mae': 0.09515722095966339, 'worst10': 0.05363968759775162}, 'test': {'weighted_mse': 0.01379714347422123, 'mae': 0.094963937997818, 'worst10': 0.06074513867497444}, 'selected_arch_matches_frozen': True, 'candidate_order_matches_frozen': True, 'validation_matches_frozen': True, 'check_matches_frozen': True, 'test_matches_frozen': True, 'test_opened_after_timing_and_selection': True}"
True,4,71,c997_h4_k10_bmedium,997,B,medium,4,10,16.64925330004189,12,12,0,1009555,True,False,False,False,"{'selected_arch_idx': 0, 'selected_state_sha256': 'efc1ed5361f2da003682cdbae2379da3fcdef4bd5c9c70803dc8e8c6e72d6f87', 'validation': {'weighted_mse': 0.011665815487504005, 'mae': 0.08681383728981018, 'worst10': 0.04191111400723457}, 'check': {'weighted_mse': 0.015188357792794704, 'mae': 0.10447622090578079, 'worst10': 0.04426812008023262}, 'test': {'weighted_mse': 0.015161997638642788, 'mae': 0.10270988196134567, 'worst10': 0.05290333554148674}, 'selected_arch_matches_frozen': True, 'candidate_order_matches_frozen': True, 'validation_matches_frozen': True, 'check_matches_frozen': True, 'test_matches_frozen': True, 'test_opened_after_timing_and_selection': True}"
True,4,72,c997_h4_k20_bmedium,997,B,medium,4,20,30.717430400080048,12,12,51,1010085,True,False,False,False,"{'selected_arch_idx': 51, 'selected_state_sha256': '1ed81b76e0c8cb817a41029cc7b3583d707434e86f909f04c2fb4990d77116f3', 'validation': {'weighted_mse': 0.013473478145897388, 'mae': 0.09218288958072662, 'worst10': 0.0446309894323349}, 'check': {'weighted_mse': 0.01640578731894493, 'mae': 0.10470359027385712, 'worst10': 0.05083105340600014}, 'test': {'weighted_mse': 0.015978999435901642, 'mae': 0.10233420133590698, 'worst10': 0.0507197380065918}, 'selected_arch_matches_frozen': True, 'candidate_order_matches_frozen': True, 'validation_matches_frozen': True, 'check_matches_frozen': True, 'test_matches_frozen': True, 'test_opened_after_timing_and_selection': True}"
True,4,73,c998_h1_k10_bmedium,998,C,medium,1,10,20.469507799949497,12,12,58,1010453,True,False,False,False,"{'selected_arch_idx': 58, 'selected_state_sha256': '44aec3106979b0e38793c4a7d1864b786646969c79a85b88a062c65a9ca6cb83', 'validation': {'weighted_mse': 0.008911209180951118, 'mae': 0.07599161565303802, 'worst10': 0.03787902370095253}, 'check': {'weighted_mse': 0.008910427801311016, 'mae': 0.07471626251935959, 'worst10': 0.040807001292705536}, 'test': {'weighted_mse': 0.011134320870041847, 'mae': 0.08579473197460175, 'worst10': 0.04583163559436798}, 'selected_arch_matches_frozen': True, 'candidate_order_matches_frozen': True, 'validation_matches_frozen': True, 'check_matches_frozen': True, 'test_matches_frozen': True, 'test_opened_after_timing_and_selection': True}"
True,4,74,c998_h1_k20_bmedium,998,C,medium,1,20,13.095829400001094,12,12,51,1010983,True,False,False,False,"{'selected_arch_idx': 51, 'selected_state_sha256': 'f5efcb0459fcbb89eb478555aa92a1041547e8ec3f65139aa64428d6cd627b1c', 'validation': {'weighted_mse': 0.009849806316196918, 'mae': 0.08040701597929001, 'worst10': 0.04124651849269867}, 'check': {'weighted_mse': 0.009092244319617748, 'mae': 0.07643461972475052, 'worst10': 0.03867315500974655}, 'test': {'weighted_mse': 0.01041762437671423, 'mae': 0.0824083685874939, 'worst10': 0.04430052638053894}, 'selected_arch_matches_frozen': True, 'candidate_order_matches_frozen': True, 'validation_matches_frozen': True, 'check_matches_frozen': True, 'test_matches_frozen': True, 'test_opened_after_timing_and_selection': True}"
True,4,75,c998_h4_k10_bmedium,998,C,medium,4,10,11.578755600028671,12,12,6,1010564,True,False,False,False,"{'selected_arch_idx': 6, 'selected_state_sha256': 'ced451658f71281f87dc5e0c1ee8dbb93813d02d2fe534cce5635c70647ef0dd', 'validation': {'weighted_mse': 0.023622868582606316, 'mae': 0.1277722269296646, 'worst10': 0.06574085354804993}, 'check': {'weighted_mse': 0.015170225873589516, 'mae': 0.09920381754636765, 'worst10': 0.0468873493373394}, 'test': {'weighted_mse': 0.014713495038449764, 'mae': 0.09751308709383011, 'worst10': 0.046224117279052734}, 'selected_arch_matches_frozen': True, 'candidate_order_matches_frozen': True, 'validation_matches_frozen': True, 'check_matches_frozen': True, 'test_matches_frozen': True, 'test_opened_after_timing_and_selection': True}"
True,4,76,c998_h4_k20_bmedium,998,C,medium,4,20,18.64113260002341,12,12,36,1011094,True,False,False,False,"{'selected_arch_idx': 36, 'selected_state_sha256': '4020c6892a26cd46696cc3891bdd8266b9d3a8dc03c7e595262a6db6128c6549', 'validation': {'weighted_mse': 0.02797328308224678, 'mae': 0.13745057582855225, 'worst10': 0.08072157949209213}, 'check': {'weighted_mse': 0.018819643184542656, 'mae': 0.11028851568698883, 'worst10': 0.05858305096626282}, 'test': {'weighted_mse': 0.01944938488304615, 'mae': 0.11150108277797699, 'worst10': 0.06507585942745209}, 'selected_arch_matches_frozen': True, 'candidate_order_matches_frozen': True, 'validation_matches_frozen': True, 'check_matches_frozen': True, 'test_matches_frozen': True, 'test_opened_after_timing_and_selection': True}"
True,4,77,c999_h1_k10_btight,999,C,tight,1,10,16.861855400027707,12,12,56,1011462,True,False,False,False,"{'selected_arch_idx': 56, 'selected_state_sha256': 'd70081c752d131481a446e026cba1c28f2518ef19c8e2db621d77ef6cc1745db', 'validation': {'weighted_mse': 0.010534186847507954, 'mae': 0.08261659741401672, 'worst10': 0.043687209486961365}, 'check': {'weighted_mse': 0.010296707041561604, 'mae': 0.08269042521715164, 'worst10': 0.040279094129800797}, 'test': {'weighted_mse': 0.01500470656901598, 'mae': 0.10097992420196533, 'worst10': 0.06026233360171318}, 'selected_arch_matches_frozen': True, 'candidate_order_matches_frozen': True, 'validation_matches_frozen': True, 'check_matches_frozen': True, 'test_matches_frozen': True, 'test_opened_after_timing_and_selection': True}"
True,4,78,c999_h1_k20_btight,999,C,tight,1,20,15.277360999956727,12,12,42,1011992,True,False,False,False,"{'selected_arch_idx': 42, 'selected_state_sha256': '8fc64f77db2db9a718655352eed2e04c71090534985968905e07ef823cb5bf06', 'validation': {'weighted_mse': 0.012758470140397549, 'mae': 0.09187974780797958, 'worst10': 0.05252831056714058}, 'check': {'weighted_mse': 0.011486083269119263, 'mae': 0.08865741640329361, 'worst10': 0.04304847866296768}, 'test': {'weighted_mse': 0.024061398580670357, 'mae': 0.12993186712265015, 'worst10': 0.08859390020370483}, 'selected_arch_matches_frozen': True, 'candidate_order_matches_frozen': True, 'validation_matches_frozen': True, 'check_matches_frozen': True, 'test_matches_frozen': True, 'test_opened_after_timing_and_selection': True}"
True,4,79,c999_h4_k10_btight,999,C,tight,4,10,13.817964999936521,12,12,55,1011573,True,False,False,False,"{'selected_arch_idx': 55, 'selected_state_sha256': '3bc2ed27c81bdafe22a97717e14a7a91f9828547bdd84578adc8eafb17921524', 'validation': {'weighted_mse': 0.019089121371507645, 'mae': 0.11057241261005402, 'worst10': 0.06650161743164062}, 'check': {'weighted_mse': 0.018980907276272774, 'mae': 0.11098302155733109, 'worst10': 0.061283085495233536}, 'test': {'weighted_mse': 0.03178783506155014, 'mae': 0.1504155397415161, 'worst10': 0.09332620352506638}, 'selected_arch_matches_frozen': True, 'candidate_order_matches_frozen': True, 'validation_matches_frozen': True, 'check_matches_frozen': True, 'test_matches_frozen': True, 'test_opened_after_timing_and_selection': True}"
True,4,80,c999_h4_k20_btight,999,C,tight,4,20,19.0586406000657,12,12,55,1012103,True,False,False,False,"{'selected_arch_idx': 55, 'selected_state_sha256': '5a4ec33179a84d03bf627891bcc19dc250b3ee39749ce4cfcaed263df80d8d2d', 'validation': {'weighted_mse': 0.016513187438249588, 'mae': 0.10330186784267426, 'worst10': 0.05260549858212471}, 'check': {'weighted_mse': 0.015568943694233894, 'mae': 0.09919591248035431, 'worst10': 0.04835611209273338}, 'test': {'weighted_mse': 0.02338486723601818, 'mae': 0.12552277743816376, 'worst10': 0.07195121794939041}, 'selected_arch_matches_frozen': True, 'candidate_order_matches_frozen': True, 'validation_matches_frozen': True, 'check_matches_frozen': True, 'test_matches_frozen': True, 'test_opened_after_timing_and_selection': True}"
True,5,1,c980_h1_k10_bloose,980,A,loose,1,10,15.814396999892779,12,12,30,992291,True,False,False,False,"{'selected_arch_idx': 30, 'selected_state_sha256': 'db4bfd3a4d8e44b6a067c38483a3383b350f2b56ee132c830e2300abc38fb44a', 'validation': {'weighted_mse': 0.0030615217983722687, 'mae': 0.04507574811577797, 'worst10': 0.01253217738121748}, 'check': {'weighted_mse': 0.0033360086381435394, 'mae': 0.04728008434176445, 'worst10': 0.013575254008173943}, 'test': {'weighted_mse': 0.002963755512610078, 'mae': 0.042932119220495224, 'worst10': 0.013358625583350658}, 'selected_arch_matches_frozen': True, 'candidate_order_matches_frozen': True, 'validation_matches_frozen': True, 'check_matches_frozen': True, 'test_matches_frozen': True, 'test_opened_after_timing_and_selection': True}"
True,5,2,c980_h1_k20_bloose,980,A,loose,1,20,16.83511109999381,12,12,23,992821,True,False,False,False,"{'selected_arch_idx': 23, 'selected_state_sha256': '634e4c787b420ed5a596296c79a6f79c8f45f0d719200eb786d2ddd1cb8db64e', 'validation': {'weighted_mse': 0.0038291628006845713, 'mae': 0.04990711063146591, 'worst10': 0.01572558470070362}, 'check': {'weighted_mse': 0.004340082406997681, 'mae': 0.05364573374390602, 'worst10': 0.01746532693505287}, 'test': {'weighted_mse': 0.0034944869112223387, 'mae': 0.047907426953315735, 'worst10': 0.014578094705939293}, 'selected_arch_matches_frozen': True, 'candidate_order_matches_frozen': True, 'validation_matches_frozen': True, 'check_matches_frozen': True, 'test_matches_frozen': True, 'test_opened_after_timing_and_selection': True}"
True,5,3,c980_h4_k10_bloose,980,A,loose,4,10,14.511364299920388,12,12,2,992402,True,False,False,False,"{'selected_arch_idx': 2, 'selected_state_sha256': 'e6f82b80de86579170123c65e83e6d4bd20f25db008c0f7808e906f6c1863801', 'validation': {'weighted_mse': 0.004976664669811726, 'mae': 0.058512717485427856, 'worst10': 0.016165805980563164}, 'check': {'weighted_mse': 0.005880947224795818, 'mae': 0.06391147524118423, 'worst10': 0.01824036054313183}, 'test': {'weighted_mse': 0.004766291473060846, 'mae': 0.05693446844816208, 'worst10': 0.016269374638795853}, 'selected_arch_matches_frozen': True, 'candidate_order_matches_frozen': True, 'validation_matches_frozen': True, 'check_matches_frozen': True, 'test_matches_frozen': True, 'test_opened_after_timing_and_selection': True}"
True,5,4,c980_h4_k20_bloose,980,A,loose,4,20,14.587840199936181,12,12,8,992932,True,False,False,False,"{'selected_arch_idx': 8, 'selected_state_sha256': '3ac06bde46298d0bf99a6874937122b8a566407b07695820f22c1f2b8c3959b7', 'validation': {'weighted_mse': 0.006747014820575714, 'mae': 0.06934544444084167, 'worst10': 0.01995495706796646}, 'check': {'weighted_mse': 0.00792058277875185, 'mae': 0.07586386054754257, 'worst10': 0.02241688407957554}, 'test': {'weighted_mse': 0.006510906852781773, 'mae': 0.06794825941324234, 'worst10': 0.020749656483530998}, 'selected_arch_matches_frozen': True, 'candidate_order_matches_frozen': True, 'validation_matches_frozen': True, 'check_matches_frozen': True, 'test_matches_frozen': True, 'test_opened_after_timing_and_selection': True}"
True,5,5,c981_h1_k10_btight,981,C,tight,1,10,16.219197900034487,12,12,25,993300,True,False,False,False,"{'selected_arch_idx': 25, 'selected_state_sha256': '66f4d64bdb53a2130caf6dbb1c7042d6f60211cead7f2de44955011376c5d56c', 'validation': {'weighted_mse': 0.03366848826408386, 'mae': 0.15390951931476593, 'worst10': 0.12537066638469696}, 'check': {'weighted_mse': 0.04317713528871536, 'mae': 0.18411913514137268, 'worst10': 0.12593531608581543}, 'test': {'weighted_mse': 0.039981693029403687, 'mae': 0.17479217052459717, 'worst10': 0.1256851851940155}, 'selected_arch_matches_frozen': True, 'candidate_order_matches_frozen': True, 'validation_matches_frozen': True, 'check_matches_frozen': True, 'test_matches_frozen': True, 'test_opened_after_timing_and_selection': True}"
True,5,6,c981_h1_k20_btight,981,C,tight,1,20,20.71192140004132,12,12,33,993830,True,False,False,False,"{'selected_arch_idx': 33, 'selected_state_sha256': 'fdec9358f9dd50ddb26e67269cece2742867ca96cf6cfa4d9a1467b367d739d1', 'validation': {'weighted_mse': 0.022030571475625038, 'mae': 0.12321698665618896, 'worst10': 0.0843513160943985}, 'check': {'weighted_mse': 0.031297266483306885, 'mae': 0.15521474182605743, 'worst10': 0.09483948349952698}, 'test': {'weighted_mse': 0.031317707151174545, 'mae': 0.15506963431835175, 'worst10': 0.09974449872970581}, 'selected_arch_matches_frozen': True, 'candidate_order_matches_frozen': True, 'validation_matches_frozen': True, 'check_matches_frozen': True, 'test_matches_frozen': True, 'test_opened_after_timing_and_selection': True}"
True,5,7,c981_h4_k10_btight,981,C,tight,4,10,17.674182299990207,12,12,46,993411,True,False,False,False,"{'selected_arch_idx': 46, 'selected_state_sha256': 'ac0e3243eb7b1d38514ffaa372fb3abf3a09af331965a0744883e2440a5e0fb8', 'validation': {'weighted_mse': 0.0404595285654068, 'mae': 0.17020998895168304, 'worst10': 0.11911284923553467}, 'check': {'weighted_mse': 0.04854460433125496, 'mae': 0.19307509064674377, 'worst10': 0.11403661966323853}, 'test': {'weighted_mse': 0.04761078581213951, 'mae': 0.1896210014820099, 'worst10': 0.1217796579003334}, 'selected_arch_matches_frozen': True, 'candidate_order_matches_frozen': True, 'validation_matches_frozen': True, 'check_matches_frozen': True, 'test_matches_frozen': True, 'test_opened_after_timing_and_selection': True}"
True,5,8,c981_h4_k20_btight,981,C,tight,4,20,18.102361499913968,12,12,46,993941,True,False,False,False,"{'selected_arch_idx': 46, 'selected_state_sha256': 'ac44bc33eb1d0ebb48256c402d2c6e13c5634dc107c86716038f6675e766d245', 'validation': {'weighted_mse': 0.02647838555276394, 'mae': 0.13195832073688507, 'worst10': 0.0908881351351738}, 'check': {'weighted_mse': 0.029587354511022568, 'mae': 0.14416037499904633, 'worst10': 0.08079326897859573}, 'test': {'weighted_mse': 0.029276050627231598, 'mae': 0.14239837229251862, 'worst10': 0.08647306263446808}, 'selected_arch_matches_frozen': True, 'candidate_order_matches_frozen': True, 'validation_matches_frozen': True, 'check_matches_frozen': True, 'test_matches_frozen': True, 'test_opened_after_timing_and_selection': True}"
True,5,9,c982_h1_k10_bmedium,982,B,medium,1,10,22.023007499985397,12,12,46,994309,True,False,False,False,"{'selected_arch_idx': 46, 'selected_state_sha256': '8fb4d4805ad7d3f0aaec502337be06ed0e013efddfc1efa41302fecaea9a4e87', 'validation': {'weighted_mse': 0.014746961183845997, 'mae': 0.09739760309457779, 'worst10': 0.05891917645931244}, 'check': {'weighted_mse': 0.014114808291196823, 'mae': 0.09749925136566162, 'worst10': 0.053237102925777435}, 'test': {'weighted_mse': 0.013757781125605106, 'mae': 0.09676659852266312, 'worst10': 0.05003468319773674}, 'selected_arch_matches_frozen': True, 'candidate_order_matches_frozen': True, 'validation_matches_frozen': True, 'check_matches_frozen': True, 'test_matches_frozen': True, 'test_opened_after_timing_and_selection': True}"
True,5,10,c982_h1_k20_bmedium,982,B,medium,1,20,23.320981599972583,12,12,58,994839,True,False,False,False,"{'selected_arch_idx': 58, 'selected_state_sha256': '717f0f88fcbb981488808cf7928abf06a9a9e27a230d8a99b958e998f604bbaa', 'validation': {'weighted_mse': 0.011045614257454872, 'mae': 0.08463511615991592, 'worst10': 0.04638265073299408}, 'check': {'weighted_mse': 0.010165000334382057, 'mae': 0.0822545513510704, 'worst10': 0.039516862481832504}, 'test': {'weighted_mse': 0.009586990810930729, 'mae': 0.08054046332836151, 'worst10': 0.03736167028546333}, 'selected_arch_matches_frozen': True, 'candidate_order_matches_frozen': True, 'validation_matches_frozen': True, 'check_matches_frozen': True, 'test_matches_frozen': True, 'test_opened_after_timing_and_selection': True}"
True,5,11,c982_h4_k10_bmedium,982,B,medium,4,10,11.79986069991719,12,12,48,994420,True,False,False,False,"{'selected_arch_idx': 48, 'selected_state_sha256': 'e5751b24f48ce2ab16656394b108f20f394a863732f4ae426a009fc7b6a3732a', 'validation': {'weighted_mse': 0.019356340169906616, 'mae': 0.11162810772657394, 'worst10': 0.06573484092950821}, 'check': {'weighted_mse': 0.01718325912952423, 'mae': 0.1062229573726654, 'worst10': 0.05422931909561157}, 'test': {'weighted_mse': 0.017619624733924866, 'mae': 0.10821826756000519, 'worst10': 0.05207572877407074}, 'selected_arch_matches_frozen': True, 'candidate_order_matches_frozen': True, 'validation_matches_frozen': True, 'check_matches_frozen': True, 'test_matches_frozen': True, 'test_opened_after_timing_and_selection': True}"
True,5,12,c982_h4_k20_bmedium,982,B,medium,4,20,22.585066100000404,12,12,49,994950,True,False,False,False,"{'selected_arch_idx': 49, 'selected_state_sha256': '61681f4c39e730069a96002d38e82778a9626671870538fcb91e91717ae75daa', 'validation': {'weighted_mse': 0.011780177243053913, 'mae': 0.08720829337835312, 'worst10': 0.043801791965961456}, 'check': {'weighted_mse': 0.010600974783301353, 'mae': 0.08316297829151154, 'worst10': 0.03667273744940758}, 'test': {'weighted_mse': 0.010546068660914898, 'mae': 0.083663709461689, 'worst10': 0.035660140216350555}, 'selected_arch_matches_frozen': True, 'candidate_order_matches_frozen': True, 'validation_matches_frozen': True, 'check_matches_frozen': True, 'test_matches_frozen': True, 'test_opened_after_timing_and_selection': True}"
True,5,13,c983_h1_k10_bmedium,983,B,medium,1,10,18.24122950003948,12,12,55,995318,True,False,False,False,"{'selected_arch_idx': 55, 'selected_state_sha256': '7c5cbec0df76f31d39c849007fa87de98eb6908d19dd74f6541c9a9b28b79603', 'validation': {'weighted_mse': 0.009030076675117016, 'mae': 0.07474987208843231, 'worst10': 0.04153335839509964}, 'check': {'weighted_mse': 0.014150015078485012, 'mae': 0.09391824901103973, 'worst10': 0.06517186760902405}, 'test': {'weighted_mse': 0.018342867493629456, 'mae': 0.10893654823303223, 'worst10': 0.07937777042388916}, 'selected_arch_matches_frozen': True, 'candidate_order_matches_frozen': True, 'validation_matches_frozen': True, 'check_matches_frozen': True, 'test_matches_frozen': True, 'test_opened_after_timing_and_selection': True}"
True,5,14,c983_h1_k20_bmedium,983,B,medium,1,20,22.830462399986573,12,12,6,995848,True,False,False,False,"{'selected_arch_idx': 6, 'selected_state_sha256': 'f317f1a3f07d7f2bbe98e8603072143ab9920d2ab208774ab9434a95203e1146', 'validation': {'weighted_mse': 0.007888471707701683, 'mae': 0.07175301015377045, 'worst10': 0.032095376402139664}, 'check': {'weighted_mse': 0.01488030981272459, 'mae': 0.10453511774539948, 'worst10': 0.044896140694618225}, 'test': {'weighted_mse': 0.017030242830514908, 'mae': 0.11420837044715881, 'worst10': 0.053630467504262924}, 'selected_arch_matches_frozen': True, 'candidate_order_matches_frozen': True, 'validation_matches_frozen': True, 'check_matches_frozen': True, 'test_matches_frozen': True, 'test_opened_after_timing_and_selection': True}"
True,5,15,c983_h4_k10_bmedium,983,B,medium,4,10,26.188624399947003,12,12,51,995429,True,False,False,False,"{'selected_arch_idx': 51, 'selected_state_sha256': '8dd61d4ba68c595537664c1b6ef22f0e0537f5a9bd529e6019f25e7f1814e04a', 'validation': {'weighted_mse': 0.01297341100871563, 'mae': 0.09055566042661667, 'worst10': 0.04551197960972786}, 'check': {'weighted_mse': 0.023202041164040565, 'mae': 0.12832961976528168, 'worst10': 0.07180683314800262}, 'test': {'weighted_mse': 0.026194186881184578, 'mae': 0.13796141743659973, 'worst10': 0.07687323540449142}, 'selected_arch_matches_frozen': True, 'candidate_order_matches_frozen': True, 'validation_matches_frozen': True, 'check_matches_frozen': True, 'test_matches_frozen': True, 'test_opened_after_timing_and_selection': True}"
True,5,16,c983_h4_k20_bmedium,983,B,medium,4,20,11.927489800029434,12,12,0,995959,True,False,False,False,"{'selected_arch_idx': 0, 'selected_state_sha256': '2655c3be07dc6b47f7305bdf6323a2bdf0b166149de73a878d7bf1fa0bf6f309', 'validation': {'weighted_mse': 0.009990389458835125, 'mae': 0.08118272572755814, 'worst10': 0.03732679784297943}, 'check': {'weighted_mse': 0.016275852918624878, 'mae': 0.10944095253944397, 'worst10': 0.0468309223651886}, 'test': {'weighted_mse': 0.018916161730885506, 'mae': 0.11978959292173386, 'worst10': 0.05606983229517937}, 'selected_arch_matches_frozen': True, 'candidate_order_matches_frozen': True, 'validation_matches_frozen': True, 'check_matches_frozen': True, 'test_matches_frozen': True, 'test_opened_after_timing_and_selection': True}"
True,5,17,c984_h1_k10_bmedium,984,A,medium,1,10,20.3992102999473,12,12,56,996327,True,False,False,False,"{'selected_arch_idx': 56, 'selected_state_sha256': 'ae0a0e3f91aa27bcd7a977f6828899fe25fc3a17fd25033b481b3eed077aa21d', 'validation': {'weighted_mse': 0.0030634368304163218, 'mae': 0.04427472501993179, 'worst10': 0.012982017360627651}, 'check': {'weighted_mse': 0.0027300468645989895, 'mae': 0.04136454313993454, 'worst10': 0.012368693016469479}, 'test': {'weighted_mse': 0.002473466796800494, 'mae': 0.03944574296474457, 'worst10': 0.010711373761296272}, 'selected_arch_matches_frozen': True, 'candidate_order_matches_frozen': True, 'validation_matches_frozen': True, 'check_matches_frozen': True, 'test_matches_frozen': True, 'test_opened_after_timing_and_selection': True}"
True,5,18,c984_h1_k20_bmedium,984,A,medium,1,20,14.893185000051744,12,12,56,996857,True,False,False,False,"{'selected_arch_idx': 56, 'selected_state_sha256': '9f4caac60f64bbd3cb9cdf0c9d85c712f8513d99000928978410105e047fab58', 'validation': {'weighted_mse': 0.0032033484894782305, 'mae': 0.04541687294840813, 'worst10': 0.013387160375714302}, 'check': {'weighted_mse': 0.0029340917244553566, 'mae': 0.04336415231227875, 'worst10': 0.012595399282872677}, 'test': {'weighted_mse': 0.002724803751334548, 'mae': 0.041940636932849884, 'worst10': 0.011667282320559025}, 'selected_arch_matches_frozen': True, 'candidate_order_matches_frozen': True, 'validation_matches_frozen': True, 'check_matches_frozen': True, 'test_matches_frozen': True, 'test_opened_after_timing_and_selection': True}"
True,5,19,c984_h4_k10_bmedium,984,A,medium,4,10,15.795204299967736,12,12,26,996438,True,False,False,False,"{'selected_arch_idx': 26, 'selected_state_sha256': '05067134d25e115c0f037ccd91c4b4a76eff82a81a642b220e4051070f1a1741', 'validation': {'weighted_mse': 0.008281148970127106, 'mae': 0.07180403172969818, 'worst10': 0.02358328551054001}, 'check': {'weighted_mse': 0.008304467424750328, 'mae': 0.07109673321247101, 'worst10': 0.02424057014286518}, 'test': {'weighted_mse': 0.0075516351498663425, 'mae': 0.06924885511398315, 'worst10': 0.02060895413160324}, 'selected_arch_matches_frozen': True, 'candidate_order_matches_frozen': True, 'validation_matches_frozen': True, 'check_matches_frozen': True, 'test_matches_frozen': True, 'test_opened_after_timing_and_selection': True}"
True,5,20,c984_h4_k20_bmedium,984,A,medium,4,20,10.558928099926561,12,12,0,996968,True,False,False,False,"{'selected_arch_idx': 0, 'selected_state_sha256': 'c92820f5f69d232ff2f4695519a897a104973f186a272de55952a7b6520fdf73', 'validation': {'weighted_mse': 0.004838316701352596, 'mae': 0.05629211291670799, 'worst10': 0.016683027148246765}, 'check': {'weighted_mse': 0.004853484220802784, 'mae': 0.0569835789501667, 'worst10': 0.015604224987328053}, 'test': {'weighted_mse': 0.005204250104725361, 'mae': 0.0598439946770668, 'worst10': 0.01721579022705555}, 'selected_arch_matches_frozen': True, 'candidate_order_matches_frozen': True, 'validation_matches_frozen': True, 'check_matches_frozen': True, 'test_matches_frozen': True, 'test_opened_after_timing_and_selection': True}"
True,5,21,c985_h1_k10_btight,985,B,tight,1,10,16.13060450006742,12,12,31,997336,True,False,False,False,"{'selected_arch_idx': 31, 'selected_state_sha256': 'd2c2b3749c3c05b94f664d5d4dabf5d7c0ce704d0aede6104b2b7d8e2b814371', 'validation': {'weighted_mse': 0.00782532524317503, 'mae': 0.0709044337272644, 'worst10': 0.034153591841459274}, 'check': {'weighted_mse': 0.010280938819050789, 'mae': 0.07814192771911621, 'worst10': 0.05274323374032974}, 'test': {'weighted_mse': 0.007291590794920921, 'mae': 0.0675150454044342, 'worst10': 0.03238128498196602}, 'selected_arch_matches_frozen': True, 'candidate_order_matches_frozen': True, 'validation_matches_frozen': True, 'check_matches_frozen': True, 'test_matches_frozen': True, 'test_opened_after_timing_and_selection': True}"
True,5,22,c985_h1_k20_btight,985,B,tight,1,20,15.554500200087205,12,12,33,997866,True,False,False,False,"{'selected_arch_idx': 33, 'selected_state_sha256': '732f3623c3e9e84d7161654665918e17a42cdf16cc279dbf7c03113c51ac8d1a', 'validation': {'weighted_mse': 0.0068566398695111275, 'mae': 0.06674749404191971, 'worst10': 0.02890903316438198}, 'check': {'weighted_mse': 0.009025806561112404, 'mae': 0.07526232302188873, 'worst10': 0.04127587750554085}, 'test': {'weighted_mse': 0.00950917974114418, 'mae': 0.08016535639762878, 'worst10': 0.038612332195043564}, 'selected_arch_matches_frozen': True, 'candidate_order_matches_frozen': True, 'validation_matches_frozen': True, 'check_matches_frozen': True, 'test_matches_frozen': True, 'test_opened_after_timing_and_selection': True}"
True,5,23,c985_h4_k10_btight,985,B,tight,4,10,13.034214599989355,12,12,57,997447,True,False,False,False,"{'selected_arch_idx': 57, 'selected_state_sha256': '6a44f0f21983285edfa9d6f63029c20b2b5f560524d5fc6d1a82a1d3917c8330', 'validation': {'weighted_mse': 0.012775999493896961, 'mae': 0.09146276861429214, 'worst10': 0.03729231655597687}, 'check': {'weighted_mse': 0.015397352166473866, 'mae': 0.10007806122303009, 'worst10': 0.0522306002676487}, 'test': {'weighted_mse': 0.016803445294499397, 'mae': 0.10626576840877533, 'worst10': 0.05108850076794624}, 'selected_arch_matches_frozen': True, 'candidate_order_matches_frozen': True, 'validation_matches_frozen': True, 'check_matches_frozen': True, 'test_matches_frozen': True, 'test_opened_after_timing_and_selection': True}"
True,5,24,c985_h4_k20_btight,985,B,tight,4,20,14.462444999953732,12,12,46,997977,True,False,False,False,"{'selected_arch_idx': 46, 'selected_state_sha256': '04c5fcd06d80e7b4c47c1f951ce276fc02205d63cc827a4e73847d7a2274398f', 'validation': {'weighted_mse': 0.011053439229726791, 'mae': 0.0856110081076622, 'worst10': 0.037202008068561554}, 'check': {'weighted_mse': 0.015254820697009563, 'mae': 0.09776001423597336, 'worst10': 0.0617542490363121}, 'test': {'weighted_mse': 0.015563329681754112, 'mae': 0.10335292667150497, 'worst10': 0.04856811836361885}, 'selected_arch_matches_frozen': True, 'candidate_order_matches_frozen': True, 'validation_matches_frozen': True, 'check_matches_frozen': True, 'test_matches_frozen': True, 'test_opened_after_timing_and_selection': True}"
True,5,25,c986_h1_k10_bmedium,986,A,medium,1,10,12.790491000050679,12,12,63,998345,True,False,False,False,"{'selected_arch_idx': 63, 'selected_state_sha256': '8462d41591473438432c7196f076e5ec4b16bcb30d31a8e9552b316eaa8dd0f1', 'validation': {'weighted_mse': 0.004424020182341337, 'mae': 0.054264381527900696, 'worst10': 0.01697915978729725}, 'check': {'weighted_mse': 0.005257606040686369, 'mae': 0.059950556606054306, 'worst10': 0.02009827271103859}, 'test': {'weighted_mse': 0.0041354564018547535, 'mae': 0.05115266889333725, 'worst10': 0.01788090355694294}, 'selected_arch_matches_frozen': True, 'candidate_order_matches_frozen': True, 'validation_matches_frozen': True, 'check_matches_frozen': True, 'test_matches_frozen': True, 'test_opened_after_timing_and_selection': True}"
True,5,26,c986_h1_k20_bmedium,986,A,medium,1,20,25.82296589994803,12,12,63,998875,True,False,False,False,"{'selected_arch_idx': 63, 'selected_state_sha256': '6b5edd705b63733d75a7dd23119341324e2d0356a9bf2d86463385384503dcbe', 'validation': {'weighted_mse': 0.0033273512963205576, 'mae': 0.0475650280714035, 'worst10': 0.012855974026024342}, 'check': {'weighted_mse': 0.004022351466119289, 'mae': 0.05198037624359131, 'worst10': 0.01547032967209816}, 'test': {'weighted_mse': 0.0031141971703618765, 'mae': 0.044815048575401306, 'worst10': 0.013665838167071342}, 'selected_arch_matches_frozen': True, 'candidate_order_matches_frozen': True, 'validation_matches_frozen': True, 'check_matches_frozen': True, 'test_matches_frozen': True, 'test_opened_after_timing_and_selection': True}"
True,5,27,c986_h4_k10_bmedium,986,A,medium,4,10,10.688326100003906,12,12,0,998456,True,False,False,False,"{'selected_arch_idx': 0, 'selected_state_sha256': '2db4cedb5f391795b778bb357fea184ce7627348a16223adecb4411ad311f890', 'validation': {'weighted_mse': 0.005357407499104738, 'mae': 0.059548914432525635, 'worst10': 0.019415656104683876}, 'check': {'weighted_mse': 0.006117695476859808, 'mae': 0.06408048421144485, 'worst10': 0.021915985271334648}, 'test': {'weighted_mse': 0.004769600927829742, 'mae': 0.0554625429213047, 'worst10': 0.018857980147004128}, 'selected_arch_matches_frozen': True, 'candidate_order_matches_frozen': True, 'validation_matches_frozen': True, 'check_matches_frozen': True, 'test_matches_frozen': True, 'test_opened_after_timing_and_selection': True}"
True,5,28,c986_h4_k20_bmedium,986,A,medium,4,20,14.397140300017782,12,12,0,998986,True,False,False,False,"{'selected_arch_idx': 0, 'selected_state_sha256': 'c105a90a70b2d4ecae17fd091eb3ec390ec54cfcf2b902c5b06968f9d72d4200', 'validation': {'weighted_mse': 0.0038862053770571947, 'mae': 0.05104820057749748, 'worst10': 0.013578571379184723}, 'check': {'weighted_mse': 0.004515185486525297, 'mae': 0.05486811324954033, 'worst10': 0.015258925035595894}, 'test': {'weighted_mse': 0.003529471578076482, 'mae': 0.04831114411354065, 'worst10': 0.012789973989129066}, 'selected_arch_matches_frozen': True, 'candidate_order_matches_frozen': True, 'validation_matches_frozen': True, 'check_matches_frozen': True, 'test_matches_frozen': True, 'test_opened_after_timing_and_selection': True}"
True,5,29,c987_h1_k10_bmedium,987,C,medium,1,10,13.933064999990165,12,12,6,999354,True,False,False,False,"{'selected_arch_idx': 6, 'selected_state_sha256': '904483eb66a2f6f13ae187643681cca7ef703e5995fea27ff86e31382d53460b', 'validation': {'weighted_mse': 0.010445901192724705, 'mae': 0.08423782885074615, 'worst10': 0.03984137624502182}, 'check': {'weighted_mse': 0.010519267991185188, 'mae': 0.08429381251335144, 'worst10': 0.040576446801424026}, 'test': {'weighted_mse': 0.01145543809980154, 'mae': 0.0884687528014183, 'worst10': 0.042260099202394485}, 'selected_arch_matches_frozen': True, 'candidate_order_matches_frozen': True, 'validation_matches_frozen': True, 'check_matches_frozen': True, 'test_matches_frozen': True, 'test_opened_after_timing_and_selection': True}"
True,5,30,c987_h1_k20_bmedium,987,C,medium,1,20,23.80536740005482,12,12,7,999884,True,False,False,False,"{'selected_arch_idx': 7, 'selected_state_sha256': '61d2e2c54fcc1db239d51447580963e5bae74cf0fa84992010d139e800c5e661', 'validation': {'weighted_mse': 0.010899999178946018, 'mae': 0.0871112048625946, 'worst10': 0.040226131677627563}, 'check': {'weighted_mse': 0.010826020501554012, 'mae': 0.08603918552398682, 'worst10': 0.041695717722177505}, 'test': {'weighted_mse': 0.011884575709700584, 'mae': 0.0902152806520462, 'worst10': 0.04399477317929268}, 'selected_arch_matches_frozen': True, 'candidate_order_matches_frozen': True, 'validation_matches_frozen': True, 'check_matches_frozen': True, 'test_matches_frozen': True, 'test_opened_after_timing_and_selection': True}"
True,5,31,c987_h4_k10_bmedium,987,C,medium,4,10,24.46799659996759,12,12,50,999465,True,False,False,False,"{'selected_arch_idx': 50, 'selected_state_sha256': '9d5bb80db7aac9a195d997b226b49a493f32467ee4f2c8f958da3a0ca31b8bf3', 'validation': {'weighted_mse': 0.016224060207605362, 'mae': 0.10380306094884872, 'worst10': 0.04618345946073532}, 'check': {'weighted_mse': 0.016067298129200935, 'mae': 0.10329640656709671, 'worst10': 0.04847025126218796}, 'test': {'weighted_mse': 0.016155481338500977, 'mae': 0.10287410765886307, 'worst10': 0.04548868536949158}, 'selected_arch_matches_frozen': True, 'candidate_order_matches_frozen': True, 'validation_matches_frozen': True, 'check_matches_frozen': True, 'test_matches_frozen': True, 'test_opened_after_timing_and_selection': True}"
True,5,32,c987_h4_k20_bmedium,987,C,medium,4,20,25.255300399963744,12,12,51,999995,True,False,False,False,"{'selected_arch_idx': 51, 'selected_state_sha256': '81066cf2afd26169f6aae146e4d69ff6e134746f04bb25948fb24b6d26cb9bc6', 'validation': {'weighted_mse': 0.02033994160592556, 'mae': 0.11541855335235596, 'worst10': 0.05764070153236389}, 'check': {'weighted_mse': 0.021222509443759918, 'mae': 0.11805062741041183, 'worst10': 0.0619211308658123}, 'test': {'weighted_mse': 0.020703444257378578, 'mae': 0.11579000949859619, 'worst10': 0.06179293990135193}, 'selected_arch_matches_frozen': True, 'candidate_order_matches_frozen': True, 'validation_matches_frozen': True, 'check_matches_frozen': True, 'test_matches_frozen': True, 'test_opened_after_timing_and_selection': True}"
True,5,33,c988_h1_k10_bloose,988,C,loose,1,10,14.840269000036642,12,12,64,1000363,True,False,False,False,"{'selected_arch_idx': 64, 'selected_state_sha256': '5cffdd7608dbc9dc35da853a1083418b0525579627d70badf76a0877ac735eed', 'validation': {'weighted_mse': 0.010937380604445934, 'mae': 0.08483991026878357, 'worst10': 0.04377659782767296}, 'check': {'weighted_mse': 0.01637667417526245, 'mae': 0.10834882408380508, 'worst10': 0.05377289280295372}, 'test': {'weighted_mse': 0.01607622765004635, 'mae': 0.10736119002103806, 'worst10': 0.05535319074988365}, 'selected_arch_matches_frozen': True, 'candidate_order_matches_frozen': True, 'validation_matches_frozen': True, 'check_matches_frozen': True, 'test_matches_frozen': True, 'test_opened_after_timing_and_selection': True}"
True,5,34,c988_h1_k20_bloose,988,C,loose,1,20,39.87120060005691,12,12,61,1000893,True,False,False,False,"{'selected_arch_idx': 61, 'selected_state_sha256': 'eab911375c646abec47639e785e26a1f83a65dd784f88f000429279e130c9734', 'validation': {'weighted_mse': 0.010687724687159061, 'mae': 0.08510240167379379, 'worst10': 0.041316818445920944}, 'check': {'weighted_mse': 0.011510046198964119, 'mae': 0.089784175157547, 'worst10': 0.04045218974351883}, 'test': {'weighted_mse': 0.011343784630298615, 'mae': 0.08773942291736603, 'worst10': 0.04398147761821747}, 'selected_arch_matches_frozen': True, 'candidate_order_matches_frozen': True, 'validation_matches_frozen': True, 'check_matches_frozen': True, 'test_matches_frozen': True, 'test_opened_after_timing_and_selection': True}"
True,5,35,c988_h4_k10_bloose,988,C,loose,4,10,57.06061539996881,12,12,50,1000474,True,False,False,False,"{'selected_arch_idx': 50, 'selected_state_sha256': 'b7b0b2ce1036b1e194cb7ced9a17f0ca5661ab26b25c49c6f60e1d4c479ffe94', 'validation': {'weighted_mse': 0.018243491649627686, 'mae': 0.10733170062303543, 'worst10': 0.06813028454780579}, 'check': {'weighted_mse': 0.025566978380084038, 'mae': 0.13380558788776398, 'worst10': 0.07823720574378967}, 'test': {'weighted_mse': 0.02726578153669834, 'mae': 0.14111971855163574, 'worst10': 0.0787537470459938}, 'selected_arch_matches_frozen': True, 'candidate_order_matches_frozen': True, 'validation_matches_frozen': True, 'check_matches_frozen': True, 'test_matches_frozen': True, 'test_opened_after_timing_and_selection': True}"
True,5,36,c988_h4_k20_bloose,988,C,loose,4,20,36.17297449999995,12,12,49,1001004,True,False,False,False,"{'selected_arch_idx': 49, 'selected_state_sha256': '2580b6dca23e59110b4b4cbcd8010b55623f970c59b34b329faece09fc4b2496', 'validation': {'weighted_mse': 0.018732285127043724, 'mae': 0.10998373478651047, 'worst10': 0.06302514672279358}, 'check': {'weighted_mse': 0.021576764062047005, 'mae': 0.11781413108110428, 'worst10': 0.07333436608314514}, 'test': {'weighted_mse': 0.02152160182595253, 'mae': 0.11812952905893326, 'worst10': 0.07243135571479797}, 'selected_arch_matches_frozen': True, 'candidate_order_matches_frozen': True, 'validation_matches_frozen': True, 'check_matches_frozen': True, 'test_matches_frozen': True, 'test_opened_after_timing_and_selection': True}"
True,5,37,c989_h1_k10_bmedium,989,B,medium,1,10,9.269792199999983,12,12,12,1001372,True,False,False,False,"{'selected_arch_idx': 12, 'selected_state_sha256': '144ec13c36b71b0263be9171399b5b370588982089740c8d368a530d84806667', 'validation': {'weighted_mse': 0.009137979708611965, 'mae': 0.07978451251983643, 'worst10': 0.03262842446565628}, 'check': {'weighted_mse': 0.008894956670701504, 'mae': 0.0787721648812294, 'worst10': 0.030369196087121964}, 'test': {'weighted_mse': 0.010274212807416916, 'mae': 0.08339985460042953, 'worst10': 0.04007332772016525}, 'selected_arch_matches_frozen': True, 'candidate_order_matches_frozen': True, 'validation_matches_frozen': True, 'check_matches_frozen': True, 'test_matches_frozen': True, 'test_opened_after_timing_and_selection': True}"
True,5,38,c989_h1_k20_bmedium,989,B,medium,1,20,14.86278539999995,12,12,56,1001902,True,False,False,False,"{'selected_arch_idx': 56, 'selected_state_sha256': 'd0465663873539c8dce895e201ac28495692b0d2e9bb9bac26735e479b9a9344', 'validation': {'weighted_mse': 0.00709114782512188, 'mae': 0.06862805783748627, 'worst10': 0.027851251885294914}, 'check': {'weighted_mse': 0.007505776826292276, 'mae': 0.07030671834945679, 'worst10': 0.030209340155124664}, 'test': {'weighted_mse': 0.007727331947535276, 'mae': 0.07288749516010284, 'worst10': 0.030340097844600677}, 'selected_arch_matches_frozen': True, 'candidate_order_matches_frozen': True, 'validation_matches_frozen': True, 'check_matches_frozen': True, 'test_matches_frozen': True, 'test_opened_after_timing_and_selection': True}"
True,5,39,c989_h4_k10_bmedium,989,B,medium,4,10,13.898797899999977,12,12,50,1001483,True,False,False,False,"{'selected_arch_idx': 50, 'selected_state_sha256': '8add5d2544af5fe658ac15520abc2ad542c304c98c317c4db97bb250d428fe2d', 'validation': {'weighted_mse': 0.013228941708803177, 'mae': 0.092693991959095, 'worst10': 0.04716155305504799}, 'check': {'weighted_mse': 0.013467838056385517, 'mae': 0.0921640545129776, 'worst10': 0.051680680364370346}, 'test': {'weighted_mse': 0.0155916977673769, 'mae': 0.09865603595972061, 'worst10': 0.06278223544359207}, 'selected_arch_matches_frozen': True, 'candidate_order_matches_frozen': True, 'validation_matches_frozen': True, 'check_matches_frozen': True, 'test_matches_frozen': True, 'test_opened_after_timing_and_selection': True}"
True,5,40,c989_h4_k20_bmedium,989,B,medium,4,20,18.01999969999997,12,12,28,1002013,True,False,False,False,"{'selected_arch_idx': 28, 'selected_state_sha256': '986de215378a3b9330d3eb56effd6ca20fd8d0e780cdd2df6c4a1a2b8e9d2077', 'validation': {'weighted_mse': 0.015419000759720802, 'mae': 0.09840565919876099, 'worst10': 0.05307032912969589}, 'check': {'weighted_mse': 0.016143569722771645, 'mae': 0.10092812031507492, 'worst10': 0.06006903946399689}, 'test': {'weighted_mse': 0.01701366901397705, 'mae': 0.10385473817586899, 'worst10': 0.06131187826395035}, 'selected_arch_matches_frozen': True, 'candidate_order_matches_frozen': True, 'validation_matches_frozen': True, 'check_matches_frozen': True, 'test_matches_frozen': True, 'test_opened_after_timing_and_selection': True}"
True,5,41,c990_h1_k10_bmedium,990,A,medium,1,10,14.987743299999977,12,12,6,1002381,True,False,False,False,"{'selected_arch_idx': 6, 'selected_state_sha256': '97ef56ff01e759a1423b499209fe8af3c64f3c7575b2d90b10cac71507935a5e', 'validation': {'weighted_mse': 0.0026136261876672506, 'mae': 0.041899267584085464, 'worst10': 0.010251599363982677}, 'check': {'weighted_mse': 0.0037734205834567547, 'mae': 0.04739755764603615, 'worst10': 0.018054772168397903}, 'test': {'weighted_mse': 0.003174028592184186, 'mae': 0.04637351632118225, 'worst10': 0.011768803931772709}, 'selected_arch_matches_frozen': True, 'candidate_order_matches_frozen': True, 'validation_matches_frozen': True, 'check_matches_frozen': True, 'test_matches_frozen': True, 'test_opened_after_timing_and_selection': True}"
True,5,42,c990_h1_k20_bmedium,990,A,medium,1,20,25.49603019999995,12,12,7,1002911,True,False,False,False,"{'selected_arch_idx': 7, 'selected_state_sha256': 'ac500efef60772f52035f78e2dfb213dd71e46262f443adb6558acf6b8d04c54', 'validation': {'weighted_mse': 0.003222923493012786, 'mae': 0.04661349207162857, 'worst10': 0.012199838645756245}, 'check': {'weighted_mse': 0.0044938805513083935, 'mae': 0.05195195972919464, 'worst10': 0.020974665880203247}, 'test': {'weighted_mse': 0.003783778753131628, 'mae': 0.05061072111129761, 'worst10': 0.013796085491776466}, 'selected_arch_matches_frozen': True, 'candidate_order_matches_frozen': True, 'validation_matches_frozen': True, 'check_matches_frozen': True, 'test_matches_frozen': True, 'test_opened_after_timing_and_selection': True}"
True,5,43,c990_h4_k10_bmedium,990,A,medium,4,10,11.643471900000009,12,12,46,1002492,True,False,False,False,"{'selected_arch_idx': 46, 'selected_state_sha256': 'd29bd9e26938f803a4c8c34a0c3a13bff571c4360fe0717060b41b4f3a76a16b', 'validation': {'weighted_mse': 0.004690469708293676, 'mae': 0.05524938926100731, 'worst10': 0.015346255153417587}, 'check': {'weighted_mse': 0.005775380413979292, 'mae': 0.059867922216653824, 'worst10': 0.021411066874861717}, 'test': {'weighted_mse': 0.004841405898332596, 'mae': 0.056367598474025726, 'worst10': 0.015579309314489365}, 'selected_arch_matches_frozen': True, 'candidate_order_matches_frozen': True, 'validation_matches_frozen': True, 'check_matches_frozen': True, 'test_matches_frozen': True, 'test_opened_after_timing_and_selection': True}"
True,5,44,c990_h4_k20_bmedium,990,A,medium,4,20,20.39448249999998,12,12,50,1003022,True,False,False,False,"{'selected_arch_idx': 50, 'selected_state_sha256': 'd5326115b950575a2113c0faf6690dbd10a09c67153dc89e5731a3f55ee7ec8f', 'validation': {'weighted_mse': 0.004762687254697084, 'mae': 0.054672013968229294, 'worst10': 0.017911165952682495}, 'check': {'weighted_mse': 0.005761156789958477, 'mae': 0.059976495802402496, 'worst10': 0.021605513989925385}, 'test': {'weighted_mse': 0.0048149991780519485, 'mae': 0.055692099034786224, 'worst10': 0.016258850693702698}, 'selected_arch_matches_frozen': True, 'candidate_order_matches_frozen': True, 'validation_matches_frozen': True, 'check_matches_frozen': True, 'test_matches_frozen': True, 'test_opened_after_timing_and_selection': True}"
True,5,45,c991_h1_k10_bmedium,991,B,medium,1,10,21.690082899999993,12,12,63,1003390,True,False,False,False,"{'selected_arch_idx': 63, 'selected_state_sha256': '9a905dee8dda466827e3c8113aa44a2081579d04e27c04bbe063454c5356f397', 'validation': {'weighted_mse': 0.004920825362205505, 'mae': 0.05604341998696327, 'worst10': 0.020578181371092796}, 'check': {'weighted_mse': 0.0051620714366436005, 'mae': 0.057413868606090546, 'worst10': 0.020881034433841705}, 'test': {'weighted_mse': 0.005536715500056744, 'mae': 0.05908793956041336, 'worst10': 0.023518560454249382}, 'selected_arch_matches_frozen': True, 'candidate_order_matches_frozen': True, 'validation_matches_frozen': True, 'check_matches_frozen': True, 'test_matches_frozen': True, 'test_opened_after_timing_and_selection': True}"
True,5,46,c991_h1_k20_bmedium,991,B,medium,1,20,20.931107700000098,12,12,54,1003920,True,False,False,False,"{'selected_arch_idx': 54, 'selected_state_sha256': '7f14fb3259070f619ff3d7680212706fc1f350bbd577fc855825630da890d434', 'validation': {'weighted_mse': 0.007180613931268454, 'mae': 0.06749306619167328, 'worst10': 0.03265930712223053}, 'check': {'weighted_mse': 0.006144266575574875, 'mae': 0.06316642463207245, 'worst10': 0.02489011362195015}, 'test': {'weighted_mse': 0.007833254523575306, 'mae': 0.07133214175701141, 'worst10': 0.03253408893942833}, 'selected_arch_matches_frozen': True, 'candidate_order_matches_frozen': True, 'validation_matches_frozen': True, 'check_matches_frozen': True, 'test_matches_frozen': True, 'test_opened_after_timing_and_selection': True}"
True,5,47,c991_h4_k10_bmedium,991,B,medium,4,10,19.250943000000007,12,12,49,1003501,True,False,False,False,"{'selected_arch_idx': 49, 'selected_state_sha256': 'd6e5936e4959e76c3b30bae7d346be7258ce6e733e399e627e7b44c2cb62155b', 'validation': {'weighted_mse': 0.01000955980271101, 'mae': 0.07973621785640717, 'worst10': 0.03518548980355263}, 'check': {'weighted_mse': 0.009991754777729511, 'mae': 0.08130413293838501, 'worst10': 0.03308654576539993}, 'test': {'weighted_mse': 0.009672091342508793, 'mae': 0.0793038085103035, 'worst10': 0.03297814354300499}, 'selected_arch_matches_frozen': True, 'candidate_order_matches_frozen': True, 'validation_matches_frozen': True, 'check_matches_frozen': True, 'test_matches_frozen': True, 'test_opened_after_timing_and_selection': True}"
True,5,48,c991_h4_k20_bmedium,991,B,medium,4,20,27.00385349999999,12,12,63,1004031,True,False,False,False,"{'selected_arch_idx': 63, 'selected_state_sha256': '4122c297db373081ebd3a230c16c33d077e89b79ea168006c405eeb379b46558', 'validation': {'weighted_mse': 0.0073281037621200085, 'mae': 0.06891153752803802, 'worst10': 0.02547110617160797}, 'check': {'weighted_mse': 0.005952842067927122, 'mae': 0.0630059614777565, 'worst10': 0.016394177451729774}, 'test': {'weighted_mse': 0.006591455079615116, 'mae': 0.06541987508535385, 'worst10': 0.02150159887969494}, 'selected_arch_matches_frozen': True, 'candidate_order_matches_frozen': True, 'validation_matches_frozen': True, 'check_matches_frozen': True, 'test_matches_frozen': True, 'test_opened_after_timing_and_selection': True}"
True,5,49,c992_h1_k10_bmedium,992,B,medium,1,10,16.23646990000009,12,12,63,1004399,True,False,False,False,"{'selected_arch_idx': 63, 'selected_state_sha256': 'f8ff0a854ee517d6d26e124edd6814fd64537dca8c8050010a641e48dad78710', 'validation': {'weighted_mse': 0.007571631111204624, 'mae': 0.07005783170461655, 'worst10': 0.03250102326273918}, 'check': {'weighted_mse': 0.008225473575294018, 'mae': 0.07422095537185669, 'worst10': 0.032642919570207596}, 'test': {'weighted_mse': 0.007407461293041706, 'mae': 0.06927899271249771, 'worst10': 0.03034668229520321}, 'selected_arch_matches_frozen': True, 'candidate_order_matches_frozen': True, 'validation_matches_frozen': True, 'check_matches_frozen': True, 'test_matches_frozen': True, 'test_opened_after_timing_and_selection': True}"
True,5,50,c992_h1_k20_bmedium,992,B,medium,1,20,10.653878599999985,12,12,36,1004929,True,False,False,False,"{'selected_arch_idx': 36, 'selected_state_sha256': 'bdc3fc88065765913f42fe6ac7b6fd2ab7312e970f0410f2cf52faadedaa0957', 'validation': {'weighted_mse': 0.009845070540904999, 'mae': 0.07844219356775284, 'worst10': 0.045750077813863754}, 'check': {'weighted_mse': 0.00983795989304781, 'mae': 0.08052664250135422, 'worst10': 0.0404641255736351}, 'test': {'weighted_mse': 0.009358743205666542, 'mae': 0.07843078672885895, 'worst10': 0.03938401862978935}, 'selected_arch_matches_frozen': True, 'candidate_order_matches_frozen': True, 'validation_matches_frozen': True, 'check_matches_frozen': True, 'test_matches_frozen': True, 'test_opened_after_timing_and_selection': True}"
True,5,51,c992_h4_k10_bmedium,992,B,medium,4,10,7.365045800000075,12,12,0,1004510,True,False,False,False,"{'selected_arch_idx': 0, 'selected_state_sha256': 'c2578b76bc3ba9500ac17575ebfc5154d2edefb03216de212d53583d1662c46d', 'validation': {'weighted_mse': 0.012121659703552723, 'mae': 0.09041699767112732, 'worst10': 0.04230736196041107}, 'check': {'weighted_mse': 0.011877643875777721, 'mae': 0.0916738510131836, 'worst10': 0.03633797541260719}, 'test': {'weighted_mse': 0.011763551272451878, 'mae': 0.08865921199321747, 'worst10': 0.03959460183978081}, 'selected_arch_matches_frozen': True, 'candidate_order_matches_frozen': True, 'validation_matches_frozen': True, 'check_matches_frozen': True, 'test_matches_frozen': True, 'test_opened_after_timing_and_selection': True}"
True,5,52,c992_h4_k20_bmedium,992,B,medium,4,20,15.122751100000073,12,12,46,1005040,True,False,False,False,"{'selected_arch_idx': 46, 'selected_state_sha256': 'aba4d84e996f3f90f3d5c4a791bbc73ef425fcba3a0eeb8c4b1df3821b993f09', 'validation': {'weighted_mse': 0.011385784484446049, 'mae': 0.08576143532991409, 'worst10': 0.03984517976641655}, 'check': {'weighted_mse': 0.011419042944908142, 'mae': 0.08618226647377014, 'worst10': 0.038876861333847046}, 'test': {'weighted_mse': 0.010834725573658943, 'mae': 0.08402623981237411, 'worst10': 0.03709247335791588}, 'selected_arch_matches_frozen': True, 'candidate_order_matches_frozen': True, 'validation_matches_frozen': True, 'check_matches_frozen': True, 'test_matches_frozen': True, 'test_opened_after_timing_and_selection': True}"
True,5,53,c993_h1_k10_bmedium,993,B,medium,1,10,12.3672775,12,12,28,1005408,True,False,False,False,"{'selected_arch_idx': 28, 'selected_state_sha256': '5f20f67d809b922f10500335c6bcef2f29ce658725f75797d896d82ca5794a3d', 'validation': {'weighted_mse': 0.014810798689723015, 'mae': 0.09856339544057846, 'worst10': 0.06096172332763672}, 'check': {'weighted_mse': 0.025259094312787056, 'mae': 0.13748782873153687, 'worst10': 0.08275137841701508}, 'test': {'weighted_mse': 0.024728696793317795, 'mae': 0.13681858777999878, 'worst10': 0.0768919363617897}, 'selected_arch_matches_frozen': True, 'candidate_order_matches_frozen': True, 'validation_matches_frozen': True, 'check_matches_frozen': True, 'test_matches_frozen': True, 'test_opened_after_timing_and_selection': True}"
True,5,54,c993_h1_k20_bmedium,993,B,medium,1,20,16.797280699999988,12,12,28,1005938,True,False,False,False,"{'selected_arch_idx': 28, 'selected_state_sha256': 'b2954b7215b1b814882fee8961b9ff82b732e80ddd8adeb8c80f96ada60509ca', 'validation': {'weighted_mse': 0.008812413550913334, 'mae': 0.07366384565830231, 'worst10': 0.040882740169763565}, 'check': {'weighted_mse': 0.014810619875788689, 'mae': 0.0998162105679512, 'worst10': 0.05865135416388512}, 'test': {'weighted_mse': 0.014039785601198673, 'mae': 0.09828213602304459, 'worst10': 0.05232931300997734}, 'selected_arch_matches_frozen': True, 'candidate_order_matches_frozen': True, 'validation_matches_frozen': True, 'check_matches_frozen': True, 'test_matches_frozen': True, 'test_opened_after_timing_and_selection': True}"
True,5,55,c993_h4_k10_bmedium,993,B,medium,4,10,19.366162099999997,12,12,35,1005519,True,False,False,False,"{'selected_arch_idx': 35, 'selected_state_sha256': '01ac6f9f6fdbe8742abb5a473f2c4868062d7f7bcb8fddea226d9f6d3c05942c', 'validation': {'weighted_mse': 0.0269340630620718, 'mae': 0.13340416550636292, 'worst10': 0.09235720336437225}, 'check': {'weighted_mse': 0.04551658406853676, 'mae': 0.18698588013648987, 'worst10': 0.12426644563674927}, 'test': {'weighted_mse': 0.0419851690530777, 'mae': 0.17898282408714294, 'worst10': 0.11264382302761078}, 'selected_arch_matches_frozen': True, 'candidate_order_matches_frozen': True, 'validation_matches_frozen': True, 'check_matches_frozen': True, 'test_matches_frozen': True, 'test_opened_after_timing_and_selection': True}"
True,5,56,c993_h4_k20_bmedium,993,B,medium,4,20,12.3471148000001,12,12,28,1006049,True,False,False,False,"{'selected_arch_idx': 28, 'selected_state_sha256': '02a9aa44950026eb0c6a55a6c24b8810a26714618445761fbddc11b407aaab5b', 'validation': {'weighted_mse': 0.015557759441435337, 'mae': 0.09983691573143005, 'worst10': 0.05307277664542198}, 'check': {'weighted_mse': 0.029205765575170517, 'mae': 0.14525945484638214, 'worst10': 0.08308745920658112}, 'test': {'weighted_mse': 0.0277189202606678, 'mae': 0.1417941004037857, 'worst10': 0.07505875825881958}, 'selected_arch_matches_frozen': True, 'candidate_order_matches_frozen': True, 'validation_matches_frozen': True, 'check_matches_frozen': True, 'test_matches_frozen': True, 'test_opened_after_timing_and_selection': True}"
True,5,57,c994_h1_k10_btight,994,A,tight,1,10,14.537477599999988,12,12,57,1006417,True,False,False,False,"{'selected_arch_idx': 57, 'selected_state_sha256': 'c2f010f9902d934c592c813e01c2db30b3207c4ea7d751511891064e9fb9357a', 'validation': {'weighted_mse': 0.002022841013967991, 'mae': 0.03671196475625038, 'worst10': 0.008423340506851673}, 'check': {'weighted_mse': 0.0019577399361878633, 'mae': 0.03551102429628372, 'worst10': 0.008802879601716995}, 'test': {'weighted_mse': 0.0030900954734534025, 'mae': 0.04227396473288536, 'worst10': 0.016446314752101898}, 'selected_arch_matches_frozen': True, 'candidate_order_matches_frozen': True, 'validation_matches_frozen': True, 'check_matches_frozen': True, 'test_matches_frozen': True, 'test_opened_after_timing_and_selection': True}"
True,5,58,c994_h1_k20_btight,994,A,tight,1,20,16.795369400000027,12,12,24,1006947,True,False,False,False,"{'selected_arch_idx': 24, 'selected_state_sha256': '67a2ac9958560504d7390c5a669329f053a1747a2a79e0cd0fb344174ecaec30', 'validation': {'weighted_mse': 0.0026236192788928747, 'mae': 0.04164663329720497, 'worst10': 0.011175856925547123}, 'check': {'weighted_mse': 0.002667544176802039, 'mae': 0.041494205594062805, 'worst10': 0.011116301640868187}, 'test': {'weighted_mse': 0.003601263277232647, 'mae': 0.046170104295015335, 'worst10': 0.019186919555068016}, 'selected_arch_matches_frozen': True, 'candidate_order_matches_frozen': True, 'validation_matches_frozen': True, 'check_matches_frozen': True, 'test_matches_frozen': True, 'test_opened_after_timing_and_selection': True}"
True,5,59,c994_h4_k10_btight,994,A,tight,4,10,19.526774499999988,12,12,47,1006528,True,False,False,False,"{'selected_arch_idx': 47, 'selected_state_sha256': 'f58a0f3759dd797cf29646b255cb9b39febf55fdc7ae6586def9176a72c2e4f7', 'validation': {'weighted_mse': 0.004887246992439032, 'mae': 0.05642808973789215, 'worst10': 0.014578483067452908}, 'check': {'weighted_mse': 0.004603634122759104, 'mae': 0.05460026487708092, 'worst10': 0.013689788989722729}, 'test': {'weighted_mse': 0.006049420218914747, 'mae': 0.060836926102638245, 'worst10': 0.024293240159749985}, 'selected_arch_matches_frozen': True, 'candidate_order_matches_frozen': True, 'validation_matches_frozen': True, 'check_matches_frozen': True, 'test_matches_frozen': True, 'test_opened_after_timing_and_selection': True}"
True,5,60,c994_h4_k20_btight,994,A,tight,4,20,11.319459499999994,12,12,46,1007058,True,False,False,False,"{'selected_arch_idx': 46, 'selected_state_sha256': 'c22eeb42a61f18c57d7a8d8fb286615d7e8663028017d47866a4b870f86a8aee', 'validation': {'weighted_mse': 0.004035578109323978, 'mae': 0.05157199129462242, 'worst10': 0.012131947092711926}, 'check': {'weighted_mse': 0.003998407628387213, 'mae': 0.05133969709277153, 'worst10': 0.012226729653775692}, 'test': {'weighted_mse': 0.005005254410207272, 'mae': 0.055475011467933655, 'worst10': 0.021016636863350868}, 'selected_arch_matches_frozen': True, 'candidate_order_matches_frozen': True, 'validation_matches_frozen': True, 'check_matches_frozen': True, 'test_matches_frozen': True, 'test_opened_after_timing_and_selection': True}"
True,5,61,c995_h1_k10_bmedium,995,C,medium,1,10,12.595946300000037,12,12,63,1007426,True,False,False,False,"{'selected_arch_idx': 63, 'selected_state_sha256': '23d98a5ed0844d956d4d3291371cfe11e696e530f047fc5f96cccea85180c098', 'validation': {'weighted_mse': 0.01384540181607008, 'mae': 0.09297115355730057, 'worst10': 0.062378890812397}, 'check': {'weighted_mse': 0.011006766930222511, 'mae': 0.0832577720284462, 'worst10': 0.04631196707487106}, 'test': {'weighted_mse': 0.013651633635163307, 'mae': 0.09098321944475174, 'worst10': 0.06445392966270447}, 'selected_arch_matches_frozen': True, 'candidate_order_matches_frozen': True, 'validation_matches_frozen': True, 'check_matches_frozen': True, 'test_matches_frozen': True, 'test_opened_after_timing_and_selection': True}"
True,5,62,c995_h1_k20_bmedium,995,C,medium,1,20,22.865515800000026,12,12,58,1007956,True,False,False,False,"{'selected_arch_idx': 58, 'selected_state_sha256': '19f6c8f96019b828b4f4d0c3c4ed206b259473d2088e46e9953c04c1efe0eaf1', 'validation': {'weighted_mse': 0.010263429954648018, 'mae': 0.08163443952798843, 'worst10': 0.04483291134238243}, 'check': {'weighted_mse': 0.00943952426314354, 'mae': 0.07898186147212982, 'worst10': 0.03786839172244072}, 'test': {'weighted_mse': 0.011103738099336624, 'mae': 0.0840843990445137, 'worst10': 0.04881973937153816}, 'selected_arch_matches_frozen': True, 'candidate_order_matches_frozen': True, 'validation_matches_frozen': True, 'check_matches_frozen': True, 'test_matches_frozen': True, 'test_opened_after_timing_and_selection': True}"
True,5,63,c995_h4_k10_bmedium,995,C,medium,4,10,16.82816349999996,12,12,49,1007537,True,False,False,False,"{'selected_arch_idx': 49, 'selected_state_sha256': '6a0f5c0014b306963923c4c0993868f1b31ff5362cee56cbda0d643a24063574', 'validation': {'weighted_mse': 0.027217213064432144, 'mae': 0.13076160848140717, 'worst10': 0.08804930746555328}, 'check': {'weighted_mse': 0.022219227626919746, 'mae': 0.11866109818220139, 'worst10': 0.06690917164087296}, 'test': {'weighted_mse': 0.029801009222865105, 'mae': 0.13614998757839203, 'worst10': 0.0945732519030571}, 'selected_arch_matches_frozen': True, 'candidate_order_matches_frozen': True, 'validation_matches_frozen': True, 'check_matches_frozen': True, 'test_matches_frozen': True, 'test_opened_after_timing_and_selection': True}"
True,5,64,c995_h4_k20_bmedium,995,C,medium,4,20,18.47447879999993,12,12,0,1008067,True,False,False,False,"{'selected_arch_idx': 0, 'selected_state_sha256': '5972943af344e547f777b352345765670a3ea3485a6d741f556c2808a8861ca5', 'validation': {'weighted_mse': 0.014211421832442284, 'mae': 0.09459199756383896, 'worst10': 0.05868247523903847}, 'check': {'weighted_mse': 0.010746625252068043, 'mae': 0.08505360037088394, 'worst10': 0.03428357467055321}, 'test': {'weighted_mse': 0.015493392944335938, 'mae': 0.09931199252605438, 'worst10': 0.05834776908159256}, 'selected_arch_matches_frozen': True, 'candidate_order_matches_frozen': True, 'validation_matches_frozen': True, 'check_matches_frozen': True, 'test_matches_frozen': True, 'test_opened_after_timing_and_selection': True}"
True,5,65,c996_h1_k10_btight,996,A,tight,1,10,12.857691499999987,12,12,35,1008435,True,False,False,False,"{'selected_arch_idx': 35, 'selected_state_sha256': 'a9157448cb77300f046207cd7d261d44bfe111baa9990ec93bf340bb168f2595', 'validation': {'weighted_mse': 0.0055505759082734585, 'mae': 0.060513950884342194, 'worst10': 0.02310858480632305}, 'check': {'weighted_mse': 0.004394100978970528, 'mae': 0.05272209271788597, 'worst10': 0.019276181235909462}, 'test': {'weighted_mse': 0.004919011145830154, 'mae': 0.056781165301799774, 'worst10': 0.02037489414215088}, 'selected_arch_matches_frozen': True, 'candidate_order_matches_frozen': True, 'validation_matches_frozen': True, 'check_matches_frozen': True, 'test_matches_frozen': True, 'test_opened_after_timing_and_selection': True}"
True,5,66,c996_h1_k20_btight,996,A,tight,1,20,12.800914300000045,12,12,45,1008965,True,False,False,False,"{'selected_arch_idx': 45, 'selected_state_sha256': '928425993cae9b68ecbcf95e3cd13e3f0856f6e8416f3334aa5fe676179c217c', 'validation': {'weighted_mse': 0.004494486842304468, 'mae': 0.05194947496056557, 'worst10': 0.022166790440678596}, 'check': {'weighted_mse': 0.004908734932541847, 'mae': 0.05380934476852417, 'worst10': 0.02518358826637268}, 'test': {'weighted_mse': 0.0037950705736875534, 'mae': 0.048635002225637436, 'worst10': 0.0185744259506464}, 'selected_arch_matches_frozen': True, 'candidate_order_matches_frozen': True, 'validation_matches_frozen': True, 'check_matches_frozen': True, 'test_matches_frozen': True, 'test_opened_after_timing_and_selection': True}"
True,5,67,c996_h4_k10_btight,996,A,tight,4,10,10.327336500000001,12,12,20,1008546,True,False,False,False,"{'selected_arch_idx': 20, 'selected_state_sha256': '0c4b40725a42710e88097c557c86125effd164bf7f541bda5ab2fb68d7349aed', 'validation': {'weighted_mse': 0.014891956932842731, 'mae': 0.09987147152423859, 'worst10': 0.05145053565502167}, 'check': {'weighted_mse': 0.015375161543488503, 'mae': 0.10356658697128296, 'worst10': 0.046902842819690704}, 'test': {'weighted_mse': 0.013493528589606285, 'mae': 0.09594780206680298, 'worst10': 0.04330555722117424}, 'selected_arch_matches_frozen': True, 'candidate_order_matches_frozen': True, 'validation_matches_frozen': True, 'check_matches_frozen': True, 'test_matches_frozen': True, 'test_opened_after_timing_and_selection': True}"
True,5,68,c996_h4_k20_btight,996,A,tight,4,20,17.852005299999973,12,12,46,1009076,True,False,False,False,"{'selected_arch_idx': 46, 'selected_state_sha256': 'c39d13d11fb19fb9a5662f303dd049a8ae316a3393eb24e59b4366401d340ba8', 'validation': {'weighted_mse': 0.006884565576910973, 'mae': 0.0665406659245491, 'worst10': 0.02470390498638153}, 'check': {'weighted_mse': 0.006791303865611553, 'mae': 0.06745918095111847, 'worst10': 0.02287440001964569}, 'test': {'weighted_mse': 0.005997930187731981, 'mae': 0.06302496790885925, 'worst10': 0.019697558134794235}, 'selected_arch_matches_frozen': True, 'candidate_order_matches_frozen': True, 'validation_matches_frozen': True, 'check_matches_frozen': True, 'test_matches_frozen': True, 'test_opened_after_timing_and_selection': True}"
True,5,69,c997_h1_k10_bmedium,997,B,medium,1,10,10.491240299999959,12,12,45,1009444,True,False,False,False,"{'selected_arch_idx': 45, 'selected_state_sha256': '563a8125bc147c7f233deabd37742e01c9faebf2dbde986004b4362dbb1829df', 'validation': {'weighted_mse': 0.010849375277757645, 'mae': 0.08272192627191544, 'worst10': 0.04942438378930092}, 'check': {'weighted_mse': 0.014496343210339546, 'mae': 0.0957484021782875, 'worst10': 0.06289894878864288}, 'test': {'weighted_mse': 0.013338168151676655, 'mae': 0.091421939432621, 'worst10': 0.05961259454488754}, 'selected_arch_matches_frozen': True, 'candidate_order_matches_frozen': True, 'validation_matches_frozen': True, 'check_matches_frozen': True, 'test_matches_frozen': True, 'test_opened_after_timing_and_selection': True}"
True,5,70,c997_h1_k20_bmedium,997,B,medium,1,20,13.398816699999998,12,12,49,1009974,True,False,False,False,"{'selected_arch_idx': 49, 'selected_state_sha256': '934224c9a2ee47d725935c78c4a00d9a96e2dc571788c36575f2261d13caabb6', 'validation': {'weighted_mse': 0.008955627679824829, 'mae': 0.07494726777076721, 'worst10': 0.04033973440527916}, 'check': {'weighted_mse': 0.013339681550860405, 'mae': 0.09515722095966339, 'worst10': 0.05363968759775162}, 'test': {'weighted_mse': 0.01379714347422123, 'mae': 0.094963937997818, 'worst10': 0.06074513867497444}, 'selected_arch_matches_frozen': True, 'candidate_order_matches_frozen': True, 'validation_matches_frozen': True, 'check_matches_frozen': True, 'test_matches_frozen': True, 'test_opened_after_timing_and_selection': True}"
True,5,71,c997_h4_k10_bmedium,997,B,medium,4,10,14.856941900000038,12,12,0,1009555,True,False,False,False,"{'selected_arch_idx': 0, 'selected_state_sha256': 'efc1ed5361f2da003682cdbae2379da3fcdef4bd5c9c70803dc8e8c6e72d6f87', 'validation': {'weighted_mse': 0.011665815487504005, 'mae': 0.08681383728981018, 'worst10': 0.04191111400723457}, 'check': {'weighted_mse': 0.015188357792794704, 'mae': 0.10447622090578079, 'worst10': 0.04426812008023262}, 'test': {'weighted_mse': 0.015161997638642788, 'mae': 0.10270988196134567, 'worst10': 0.05290333554148674}, 'selected_arch_matches_frozen': True, 'candidate_order_matches_frozen': True, 'validation_matches_frozen': True, 'check_matches_frozen': True, 'test_matches_frozen': True, 'test_opened_after_timing_and_selection': True}"
True,5,72,c997_h4_k20_bmedium,997,B,medium,4,20,25.514980299999934,12,12,51,1010085,True,False,False,False,"{'selected_arch_idx': 51, 'selected_state_sha256': '1ed81b76e0c8cb817a41029cc7b3583d707434e86f909f04c2fb4990d77116f3', 'validation': {'weighted_mse': 0.013473478145897388, 'mae': 0.09218288958072662, 'worst10': 0.0446309894323349}, 'check': {'weighted_mse': 0.01640578731894493, 'mae': 0.10470359027385712, 'worst10': 0.05083105340600014}, 'test': {'weighted_mse': 0.015978999435901642, 'mae': 0.10233420133590698, 'worst10': 0.0507197380065918}, 'selected_arch_matches_frozen': True, 'candidate_order_matches_frozen': True, 'validation_matches_frozen': True, 'check_matches_frozen': True, 'test_matches_frozen': True, 'test_opened_after_timing_and_selection': True}"
True,5,73,c998_h1_k10_bmedium,998,C,medium,1,10,19.15364610000006,12,12,58,1010453,True,False,False,False,"{'selected_arch_idx': 58, 'selected_state_sha256': '44aec3106979b0e38793c4a7d1864b786646969c79a85b88a062c65a9ca6cb83', 'validation': {'weighted_mse': 0.008911209180951118, 'mae': 0.07599161565303802, 'worst10': 0.03787902370095253}, 'check': {'weighted_mse': 0.008910427801311016, 'mae': 0.07471626251935959, 'worst10': 0.040807001292705536}, 'test': {'weighted_mse': 0.011134320870041847, 'mae': 0.08579473197460175, 'worst10': 0.04583163559436798}, 'selected_arch_matches_frozen': True, 'candidate_order_matches_frozen': True, 'validation_matches_frozen': True, 'check_matches_frozen': True, 'test_matches_frozen': True, 'test_opened_after_timing_and_selection': True}"
True,5,74,c998_h1_k20_bmedium,998,C,medium,1,20,11.968957199999977,12,12,51,1010983,True,False,False,False,"{'selected_arch_idx': 51, 'selected_state_sha256': 'f5efcb0459fcbb89eb478555aa92a1041547e8ec3f65139aa64428d6cd627b1c', 'validation': {'weighted_mse': 0.009849806316196918, 'mae': 0.08040701597929001, 'worst10': 0.04124651849269867}, 'check': {'weighted_mse': 0.009092244319617748, 'mae': 0.07643461972475052, 'worst10': 0.03867315500974655}, 'test': {'weighted_mse': 0.01041762437671423, 'mae': 0.0824083685874939, 'worst10': 0.04430052638053894}, 'selected_arch_matches_frozen': True, 'candidate_order_matches_frozen': True, 'validation_matches_frozen': True, 'check_matches_frozen': True, 'test_matches_frozen': True, 'test_opened_after_timing_and_selection': True}"
True,5,75,c998_h4_k10_bmedium,998,C,medium,4,10,10.350824499999817,12,12,6,1010564,True,False,False,False,"{'selected_arch_idx': 6, 'selected_state_sha256': 'ced451658f71281f87dc5e0c1ee8dbb93813d02d2fe534cce5635c70647ef0dd', 'validation': {'weighted_mse': 0.023622868582606316, 'mae': 0.1277722269296646, 'worst10': 0.06574085354804993}, 'check': {'weighted_mse': 0.015170225873589516, 'mae': 0.09920381754636765, 'worst10': 0.0468873493373394}, 'test': {'weighted_mse': 0.014713495038449764, 'mae': 0.09751308709383011, 'worst10': 0.046224117279052734}, 'selected_arch_matches_frozen': True, 'candidate_order_matches_frozen': True, 'validation_matches_frozen': True, 'check_matches_frozen': True, 'test_matches_frozen': True, 'test_opened_after_timing_and_selection': True}"
True,5,76,c998_h4_k20_bmedium,998,C,medium,4,20,17.822860600000013,12,12,36,1011094,True,False,False,False,"{'selected_arch_idx': 36, 'selected_state_sha256': '4020c6892a26cd46696cc3891bdd8266b9d3a8dc03c7e595262a6db6128c6549', 'validation': {'weighted_mse': 0.02797328308224678, 'mae': 0.13745057582855225, 'worst10': 0.08072157949209213}, 'check': {'weighted_mse': 0.018819643184542656, 'mae': 0.11028851568698883, 'worst10': 0.05858305096626282}, 'test': {'weighted_mse': 0.01944938488304615, 'mae': 0.11150108277797699, 'worst10': 0.06507585942745209}, 'selected_arch_matches_frozen': True, 'candidate_order_matches_frozen': True, 'validation_matches_frozen': True, 'check_matches_frozen': True, 'test_matches_frozen': True, 'test_opened_after_timing_and_selection': True}"
True,5,77,c999_h1_k10_btight,999,C,tight,1,10,15.672846499999878,12,12,56,1011462,True,False,False,False,"{'selected_arch_idx': 56, 'selected_state_sha256': 'd70081c752d131481a446e026cba1c28f2518ef19c8e2db621d77ef6cc1745db', 'validation': {'weighted_mse': 0.010534186847507954, 'mae': 0.08261659741401672, 'worst10': 0.043687209486961365}, 'check': {'weighted_mse': 0.010296707041561604, 'mae': 0.08269042521715164, 'worst10': 0.040279094129800797}, 'test': {'weighted_mse': 0.01500470656901598, 'mae': 0.10097992420196533, 'worst10': 0.06026233360171318}, 'selected_arch_matches_frozen': True, 'candidate_order_matches_frozen': True, 'validation_matches_frozen': True, 'check_matches_frozen': True, 'test_matches_frozen': True, 'test_opened_after_timing_and_selection': True}"
True,5,78,c999_h1_k20_btight,999,C,tight,1,20,13.873743300000115,12,12,42,1011992,True,False,False,False,"{'selected_arch_idx': 42, 'selected_state_sha256': '8fc64f77db2db9a718655352eed2e04c71090534985968905e07ef823cb5bf06', 'validation': {'weighted_mse': 0.012758470140397549, 'mae': 0.09187974780797958, 'worst10': 0.05252831056714058}, 'check': {'weighted_mse': 0.011486083269119263, 'mae': 0.08865741640329361, 'worst10': 0.04304847866296768}, 'test': {'weighted_mse': 0.024061398580670357, 'mae': 0.12993186712265015, 'worst10': 0.08859390020370483}, 'selected_arch_matches_frozen': True, 'candidate_order_matches_frozen': True, 'validation_matches_frozen': True, 'check_matches_frozen': True, 'test_matches_frozen': True, 'test_opened_after_timing_and_selection': True}"
True,5,79,c999_h4_k10_btight,999,C,tight,4,10,12.314302500000167,12,12,55,1011573,True,False,False,False,"{'selected_arch_idx': 55, 'selected_state_sha256': '3bc2ed27c81bdafe22a97717e14a7a91f9828547bdd84578adc8eafb17921524', 'validation': {'weighted_mse': 0.019089121371507645, 'mae': 0.11057241261005402, 'worst10': 0.06650161743164062}, 'check': {'weighted_mse': 0.018980907276272774, 'mae': 0.11098302155733109, 'worst10': 0.061283085495233536}, 'test': {'weighted_mse': 0.03178783506155014, 'mae': 0.1504155397415161, 'worst10': 0.09332620352506638}, 'selected_arch_matches_frozen': True, 'candidate_order_matches_frozen': True, 'validation_matches_frozen': True, 'check_matches_frozen': True, 'test_matches_frozen': True, 'test_opened_after_timing_and_selection': True}"
True,5,80,c999_h4_k20_btight,999,C,tight,4,20,17.39607409999985,12,12,55,1012103,True,False,False,False,"{'selected_arch_idx': 55, 'selected_state_sha256': '5a4ec33179a84d03bf627891bcc19dc250b3ee39749ce4cfcaed263df80d8d2d', 'validation': {'weighted_mse': 0.016513187438249588, 'mae': 0.10330186784267426, 'worst10': 0.05260549858212471}, 'check': {'weighted_mse': 0.015568943694233894, 'mae': 0.09919591248035431, 'worst10': 0.04835611209273338}, 'test': {'weighted_mse': 0.02338486723601818, 'mae': 0.12552277743816376, 'worst10': 0.07195121794939041}, 'selected_arch_matches_frozen': True, 'candidate_order_matches_frozen': True, 'validation_matches_frozen': True, 'check_matches_frozen': True, 'test_matches_frozen': True, 'test_opened_after_timing_and_selection': True}"
